Name 1,Name 2,Spanish Description,French Description,German Description,Italian Description,Portuguese Description,Russian Description,Chinese Description,Japanese Description,Arabic Description,Hindi Description
Taylor Swift,Travis Kelce,Una historia de amor tan Ã©pica como sus conciertos ğŸ¤ğŸˆ,Une romance digne dâ€™un Super Bowl et dâ€™un Grammy ğŸˆğŸ¤,Ein Touchdown fÃ¼rs Herz und ein Grammy fÃ¼rs Leben ğŸˆğŸ¤,Un touchdown per il cuore e un Grammy per lâ€™anima ğŸˆğŸ¤,Um touchdown no coraÃ§Ã£o e um Grammy na alma ğŸˆğŸ¤,Ğ¢Ğ°Ñ‡Ğ´Ğ°ÑƒĞ½ Ğ² ÑĞµÑ€Ğ´Ñ†Ğµ Ğ¸ Ğ“Ñ€ÑĞ¼Ğ¼Ğ¸ Ğ´Ğ»Ñ Ğ´ÑƒÑˆĞ¸ ğŸˆğŸ¤,ä¸€åœºè¶…çº§ç¢—èˆ¬çš„æ‹çˆ± ğŸˆğŸ¤,ã‚¹ãƒ¼ãƒ‘ãƒ¼ãƒœã‚¦ãƒ«ç´šã®æ‹æ„› ğŸˆğŸ¤,Ø­Ø¨ Ù…Ù† Ù…Ø³ØªÙˆÙ‰ Ø³ÙˆØ¨Ø± Ø¨ÙˆÙ„ ğŸˆğŸ¤,à¤¸à¥à¤ªà¤° à¤¬à¤¾à¤‰à¤² à¤œà¥ˆà¤¸à¤¾ à¤ªà¥à¤¯à¤¾à¤° ğŸˆğŸ¤
Will Smith,Jada Pinkett Smith,Un matrimonio... de Oscar y drama ğŸ¬ğŸ§ ,"MariÃ©s dans le drame, un duo de cinÃ©ma ğŸ­ğŸ’”",Ein Oscar-reifes Drama in Dauerschleife ğŸ­ğŸ’”,Un matrimonio da Oscar... e da incubo ğŸ¬ğŸ’”,Um casamento digno de Oscar... e novela ğŸ­ğŸ’”,Ğ‘Ñ€Ğ°Ğº Ñ ĞÑĞºĞ°Ñ€Ğ¾Ğ¼ Ğ¸ Ğ´Ñ€Ğ°Ğ¼Ğ¾Ğ¹ Ğ² ĞºĞ¾Ğ¼Ğ¿Ğ»ĞµĞºÑ‚Ğµ ğŸ­ğŸ’”,å¥¥æ–¯å¡çº§åˆ«çš„å©šå§»å‰§ ğŸ­ğŸ’”,ã¾ã‚‹ã§æ˜ ç”»ã®ã‚ˆã†ãªçµå©šåŠ‡ ğŸ¬ğŸ’”,Ø²ÙˆØ§Ø¬ ÙŠØ³ØªØ­Ù‚ Ø§Ù„Ø£ÙˆØ³ÙƒØ§Ø±... Ù…Ø¹ Ø§Ù„Ø¯Ø±Ø§Ù…Ø§ ğŸ¬ğŸ’”,"à¤‘à¤¸à¥à¤•à¤° à¤µà¤¾à¤²à¥€ à¤¶à¤¾à¤¦à¥€, à¤¡à¥à¤°à¤¾à¤®à¤¾ à¤«à¥à¤°à¥€ à¤¨à¤¹à¥€à¤‚ ğŸ¬ğŸ’”"
Blake Lively,Ryan Reynolds,La pareja mÃ¡s sarcÃ¡stica de Hollywood ğŸ’â€â™€ï¸ğŸ˜,Le couple le plus sarcastique dâ€™Hollywood ğŸ˜ğŸ’«,Das sarkastischste Paar in ganz Hollywood ğŸ˜ğŸ¬,La coppia piÃ¹ sarcastica di Hollywood ğŸ˜ğŸ­,O casal mais sarcÃ¡stico de Hollywood ğŸ˜ğŸ¬,Ğ¡Ğ°Ğ¼Ğ°Ñ ÑĞ°Ñ€ĞºĞ°ÑÑ‚Ğ¸Ñ‡Ğ½Ğ°Ñ Ğ¿Ğ°Ñ€Ğ° Ğ“Ğ¾Ğ»Ğ»Ğ¸Ğ²ÑƒĞ´Ğ° ğŸ˜ğŸ¬,å¥½è±åæœ€æ¯’èˆŒçš„æƒ…ä¾£ ğŸ˜ğŸ¬,ãƒãƒªã‚¦ãƒƒãƒ‰æœ€å¼·ã®æ¯’èˆŒã‚«ãƒƒãƒ—ãƒ« ğŸ˜ğŸ­,Ø£ÙƒØ«Ø± Ø«Ù†Ø§Ø¦ÙŠ Ø³Ø§Ø®Ø± ÙÙŠ Ù‡ÙˆÙ„ÙŠÙˆÙˆØ¯ ğŸ˜ğŸ­,à¤¹à¥‰à¤²à¥€à¤µà¥à¤¡ à¤•à¥€ à¤¸à¤¬à¤¸à¥‡ à¤¤à¤¾à¤¨à¤¾ à¤®à¤¾à¤°à¤¨à¥‡ à¤µà¤¾à¤²à¥€ à¤œà¥‹à¤¡à¤¼à¥€ ğŸ˜ğŸ­
Johnny Depp,Amber Heard,Cuando el amor y el juicio se mezclan ğŸ­âš–ï¸,Quand lâ€™amour tourne au procÃ¨s ğŸ¬âš–ï¸,Wenn Liebe und Gerichtssaal kollidieren âš–ï¸ğŸ’”,Amore e tribunale: il mix perfetto? âš–ï¸ğŸ’£,Quando o amor vai parar no tribunal âš–ï¸ğŸ’£,Ğ›ÑĞ±Ğ¾Ğ²ÑŒ Ñ Ğ¿Ğ¾Ğ²ĞµÑÑ‚ĞºĞ¾Ğ¹ Ğ² ÑÑƒĞ´ âš–ï¸ğŸ’£,çˆ±æƒ…æ³•åº­å¼€åº­ä¸­ âš–ï¸ğŸ’£,æ„›ã¨æ³•å»·ã®æ¿€çª âš–ï¸ğŸ’£,Ø¹Ù„Ø§Ù‚Ø© Ø¯Ø®Ù„Øª Ù‚Ø§Ø¹Ø© Ø§Ù„Ù…Ø­ÙƒÙ…Ø© âš–ï¸ğŸ’£,à¤‡à¤¶à¥à¤•à¤¼ à¤”à¤° à¤•à¥‹à¤°à¥à¤Ÿà¤°à¥‚à¤® à¤•à¥€ à¤œà¤‚à¤— âš–ï¸ğŸ’£
Barack Obama,Michelle Obama,RelaciÃ³n presidencialmente perfecta ğŸ‡ºğŸ‡¸â¤ï¸,"Un amour prÃ©sidentiel, exemplaire ğŸ‡ºğŸ‡¸â¤ï¸",Ein PrÃ¤sidentenpaar mit Herz und Stil ğŸ‡ºğŸ‡¸â¤ï¸,Una storia d'amore presidenziale ğŸ‡ºğŸ‡¸â¤ï¸,Um amor presidencial e inspirador ğŸ‡ºğŸ‡¸â¤ï¸,ĞŸÑ€ĞµĞ·Ğ¸Ğ´ĞµĞ½Ñ‚ÑĞºĞ°Ñ Ğ¸ÑÑ‚Ğ¾Ñ€Ğ¸Ñ Ğ»ÑĞ±Ğ²Ğ¸ ğŸ‡ºğŸ‡¸â¤ï¸,æ€»ç»Ÿçº§æµªæ¼« ğŸ‡ºğŸ‡¸â¤ï¸,å¤§çµ±é ˜ã‚¯ãƒ©ã‚¹ã®æ„› ğŸ‡ºğŸ‡¸â¤ï¸,Ù‚ØµØ© Ø­Ø¨ Ø±Ø¦Ø§Ø³ÙŠØ© ğŸ‡ºğŸ‡¸â¤ï¸,à¤°à¤¾à¤·à¥à¤Ÿà¥à¤°à¤ªà¤¤à¤¿ à¤¸à¥à¤¤à¤° à¤•à¥€ à¤®à¥‹à¤¹à¤¬à¥à¤¬à¤¤ ğŸ‡ºğŸ‡¸â¤ï¸
Tom Holland,Zendaya,Una pareja de pelÃ­cula... y multiverso ğŸ•¸ï¸ğŸ¥,Un duo venu tout droit du multivers ğŸ•·ï¸ğŸ¥,Ein Spinnennetz aus Liebe im Multiversum ğŸ•¸ï¸ğŸ’,Un bacio nel multiverso ğŸ•¸ï¸ğŸ’,Beijos em todas as realidades ğŸ•¸ï¸ğŸ’,ĞŸĞ¾Ñ†ĞµĞ»ÑƒĞ¸ Ğ²Ğ¾ Ğ²ÑĞµÑ… Ğ²ÑĞµĞ»ĞµĞ½Ğ½Ñ‹Ñ… ğŸ•¸ï¸ğŸ’,å¤šé‡å®‡å®™çš„çƒ­æ‹ ğŸ•¸ï¸ğŸ’,ãƒãƒ«ãƒãƒãƒ¼ã‚¹ã§ã®æ‹ ğŸ•¸ï¸ğŸ’,Ø±ÙˆÙ…Ø§Ù†Ø³ÙŠØ© Ù…Ù† Ø¹Ø§Ù„Ù… Ù…ÙˆØ§Ø²ÙŠ ğŸ•¸ï¸ğŸ’,à¤®à¤²à¥à¤Ÿà¥€à¤µà¤°à¥à¤¸ à¤®à¥‡à¤‚ à¤¬à¤¨à¤¾ à¤ªà¥à¤¯à¤¾à¤° ğŸ•¸ï¸ğŸ’
Jay-Z,BeyoncÃ©,Amor al ritmo de un beat millonario ğŸ’°ğŸ¶,Un match 24 carats ğŸ’ğŸ¶,"Gold, Glanz und ganz viel Groove ğŸ’°ğŸ¶",Una relazione da un miliardo di dollari ğŸ’°ğŸ¶,Casal bilionÃ¡rio com flow ğŸ”¥ğŸ¶,Ğ—Ğ¾Ğ»Ğ¾Ñ‚Ğ°Ñ Ğ¿Ğ°Ñ€Ğ° Ñ€ÑĞ¿Ğ° Ğ¸ Ğ±Ğ¸Ğ·Ğ½ĞµÑĞ° ğŸ’°ğŸ¶,é»„é‡‘CPï¼Œå”±ç‰‡+äº¿ ğŸ’°ğŸ¶,å„„ä¸‡é•·è€…ã®éŸ³æ¥½æ„› ğŸ’°ğŸ¶,Ø«Ù†Ø§Ø¦ÙŠ Ø°Ù‡Ø¨ÙŠ ÙŠØ¬Ù…Ø¹ Ø§Ù„Ù…Ø§Ù„ ÙˆØ§Ù„Ù…ÙˆØ³ÙŠÙ‚Ù‰ ğŸ’°ğŸ¶,à¤ªà¥ˆà¤¸à¤¾ à¤”à¤° à¤¸à¤‚à¤—à¥€à¤¤ à¤•à¤¾ à¤ªà¤¾à¤µà¤° à¤•à¤ªà¤² ğŸ’°ğŸ¶
Cristiano Ronaldo,Georgina Rodriguez,Golazo al corazÃ³n âš½â¤ï¸,Un but marquÃ© en plein cÅ“ur âš½ğŸ’˜,Ein Volltreffer â€“ nicht nur auf dem Platz âš½â¤ï¸,Goal segnato direttamente al cuore âš½â¤ï¸,Goleada de amor âš½â¤ï¸,Ğ“Ğ¾Ğ» Ğ² ÑĞµÑ€Ğ´Ñ†Ğµ âš½â¤ï¸,ä¸€è„šè¸¢è¿›ä½ çš„å¿ƒ âš½â¤ï¸,ã‚´ãƒ¼ãƒ«ç›´æ’ƒã®æ‹ âš½â¤ï¸,Ù‡Ø¯Ù ÙÙŠ Ø§Ù„Ù‚Ù„Ø¨ âš½â¤ï¸,à¤¦à¤¿à¤² à¤®à¥‡à¤‚ à¤—à¥‹à¤² âš½â¤ï¸
Harry Styles,Olivia Wilde,"Estilo, moda y rumores incluidos ğŸ•¶ï¸ğŸ—ï¸","Amour, style et tabloÃ¯ds inclus ğŸ•¶ï¸ğŸ—ï¸","Style, Skandale und ein Hauch Chaos ğŸ•¶ï¸ğŸ—ï¸","Stile, gossip e amore da copertina ğŸ•¶ï¸ğŸ—ï¸","Estilo, drama e paixÃ£o de celebridade ğŸ•¶ï¸ğŸ—ï¸","Ğ¡Ñ‚Ğ¸Ğ»ÑŒ, Ğ´Ñ€Ğ°Ğ¼Ğ° Ğ¸ Ğ³Ñ€Ğ¾Ğ¼ĞºĞ¸Ğµ Ğ·Ğ°Ğ³Ğ¾Ğ»Ğ¾Ğ²ĞºĞ¸ ğŸ•¶ï¸ğŸ—ï¸",æ—¶å°šå¤´æ¡æƒ…ä¾£ ğŸ•¶ï¸ğŸ—ï¸,ãƒ•ã‚¡ãƒƒã‚·ãƒ§ãƒ³èªŒã«å‡ºãã†ãªæ‹äººé” ğŸ•¶ï¸ğŸ—ï¸,Ù†Ø¬ÙˆÙ… Ø§Ù„Ù…ÙˆØ¶Ø© ÙˆØ§Ù„Ø¯Ø±Ø§Ù…Ø§ ğŸ•¶ï¸ğŸ—ï¸,à¤¸à¥à¤Ÿà¤¾à¤‡à¤² à¤”à¤° à¤¸à¥à¤•à¥ˆà¤‚à¤¡à¤² à¤•à¤¾ à¤®à¥‡à¤² ğŸ•¶ï¸ğŸ—ï¸
Will Smith,Margot Robbie,Una quÃ­mica tan fuerte que ni Hollywood la entendiÃ³ ğŸ¥ğŸ”¥,Une alchimie explosive made in Hollywood ğŸ’¥ğŸï¸,Hollywood-Flirt mit explosiver Chemie ğŸ¬ğŸ’¥,Chimica esplosiva sul set ğŸ¬ğŸ”¥,QuÃ­mica de cinema... literalmente ğŸ¬ğŸ”¥,Ğ“Ğ¾Ğ»Ğ»Ğ¸Ğ²ÑƒĞ´ÑĞºĞ°Ñ Ñ…Ğ¸Ğ¼Ğ¸Ñ Ğ½Ğ° Ğ¼Ğ°ĞºÑĞ¸Ğ¼ÑƒĞ¼ ğŸ¬ğŸ”¥,é“¶å¹•ä¸Šçš„ç«èŠ±ï¼Œæˆå¤–ä¹Ÿç‚¸ ğŸ¬ğŸ”¥,æ˜ ç”»ã‚ˆã‚Šã‚‚ç‡ƒãˆã‚‹é–¢ä¿‚ ğŸ¬ğŸ”¥,ÙƒÙŠÙ…ÙŠØ§Ø¡ Ù…Ø´ØªØ¹Ù„Ø© Ø¯Ø§Ø®Ù„ ÙˆØ®Ø§Ø±Ø¬ Ø§Ù„Ø´Ø§Ø´Ø© ğŸ¬ğŸ”¥,à¤¸à¥à¤•à¥à¤°à¥€à¤¨ à¤¸à¥‡ à¤¬à¤¾à¤¹à¤° à¤­à¥€ à¤•à¥‡à¤®à¤¿à¤¸à¥à¤Ÿà¥à¤°à¥€ à¤§à¤®à¤¾à¤•à¥‡à¤¦à¤¾à¤° ğŸ¬ğŸ”¥
Kanye West,Kim Kardashian,Una pareja tan caÃ³tica como genial ğŸ’¥ğŸ¬,Un chaos chic et un amour tumultueux ğŸ’¥ğŸ–¤,Kreatives Chaos trifft auf Modemogul ğŸ’¥ğŸ–¤,Dramma di coppia con stile di alta moda ğŸ’¥ğŸ–¤,Caos fashion com pitadas de genialidade ğŸ’¥ğŸ–¤,Ğ¥Ğ°Ğ¾Ñ Ğ¸ ÑÑ‚Ğ¸Ğ»ÑŒ Ğ¿Ğ¾Ğ´ Ğ¾Ğ´Ğ½Ğ¾Ğ¹ ĞºÑ€Ñ‹ÑˆĞµĞ¹ ğŸ’¥ğŸ–¤,æ½®æµç¢°æ’çš„æ··ä¹±çˆ±æƒ… ğŸ’¥ğŸ–¤,ã‚«ã‚ªã‚¹ã¨ç¾ã®èåˆ ğŸ’¥ğŸ–¤,Ø­Ø¨ ÙÙˆØ¶ÙˆÙŠ Ù…Ø¹ Ù„Ù…Ø³Ø© ÙÙ†ÙŠØ© ğŸ’¥ğŸ–¤,à¤¹à¤‚à¤—à¤¾à¤®à¤¾ à¤”à¤° à¤«à¥ˆà¤¶à¤¨ à¤•à¤¾ à¤¤à¤¡à¤¼à¤•à¤¾ ğŸ’¥ğŸ–¤
Brad Pitt,Angelina Jolie,Ã‰rase una vez... mucho drama y belleza ğŸï¸ğŸ”¥,Il Ã©tait une fois... des larmes et des tapis rouges ğŸ¬ğŸ”¥,Ein MÃ¤rchen mit roten Teppichen und Rosenkrieg ğŸï¸ğŸ”¥,Una favola con finali multipli ğŸï¸ğŸ”¥,Um conto de fadas com reviravoltas ğŸï¸ğŸ”¥,Ğ¡ĞºĞ°Ğ·ĞºĞ° Ñ Ğ¿Ñ€Ğ¾Ğ´Ğ¾Ğ»Ğ¶ĞµĞ½Ğ¸ĞµĞ¼... Ğ¸ ÑĞºĞ°Ğ½Ğ´Ğ°Ğ»Ğ¾Ğ¼ ğŸï¸ğŸ”¥,ç«¥è¯å¼€å§‹ï¼Œç‹—è¡€ç»“å°¾ ğŸï¸ğŸ”¥,ãŠã¨ãè©±ã‹ã‚‰ä¿®ç¾…å ´ã¸ ğŸï¸ğŸ”¥,Ø­ÙƒØ§ÙŠØ© Ø®Ø±Ø§ÙÙŠØ© Ø§Ù†ØªÙ‡Øª Ø¨Ø¹Ø§ØµÙØ© ğŸï¸ğŸ”¥,à¤ªà¤°à¤¿à¤¯à¥‹à¤‚ à¤•à¥€ à¤•à¤¹à¤¾à¤¨à¥€ à¤¸à¥‡ à¤¤à¤²à¤¾à¤• à¤¤à¤• ğŸï¸ğŸ”¥
Elon Musk,Grimes,"TecnologÃ­a, bebÃ©s y tweets raros ğŸ¤–ğŸ‘¶","Des bÃ©bÃ©s, des fusÃ©es, et des tweets bizarres ğŸš€ğŸ‘¶",Raketenwissenschaft und Babygeschrei ğŸ‘¶ğŸš€,"Missili, musica e misteri ğŸ‘¶ğŸš€","Foguetes, bebÃªs e mistÃ©rio ğŸ‘¶ğŸš€","Ğ Ğ°ĞºĞµÑ‚Ñ‹, Ğ´ĞµÑ‚Ğ¸ Ğ¸ Ñ‚Ğ²Ğ¸Ñ‚Ñ‹ Ğ¸Ğ· ĞºĞ¾ÑĞ¼Ğ¾ÑĞ° ğŸ‘¶ğŸš€",ç«ç®­ã€å©´å„¿ä¸ç§‘æŠ€æ¢¦ ğŸ‘¶ğŸš€,ãƒ­ã‚±ãƒƒãƒˆã€èµ¤ã¡ã‚ƒã‚“ã€ãã—ã¦æ··ä¹± ğŸ‘¶ğŸš€,ØµÙˆØ§Ø±ÙŠØ®ØŒ Ø£Ø·ÙØ§Ù„ØŒ ÙˆØªØºØ±ÙŠØ¯Ø§Øª ØºØ±ÙŠØ¨Ø© ğŸ‘¶ğŸš€,"à¤°à¥‰à¤•à¥‡à¤Ÿ, à¤¬à¤šà¥à¤šà¥‡ à¤”à¤° à¤…à¤œà¥€à¤¬ à¤Ÿà¥à¤µà¥€à¤Ÿà¥à¤¸ ğŸ‘¶ğŸš€"
Shakira,Gerard Pique,Cuando el ritmo supera al romance ğŸ’ƒâš½,Quand le rythme dÃ©passe la romance ğŸ’ƒâš½,"Bewegung auf dem Feld, Stillstand im Herz ğŸ’ƒâš½",Un gol mancato nellâ€™amore ğŸ’ƒâš½,"Muito ritmo, pouco romance ğŸ’ƒâš½","Ğ‘Ğ¾Ğ»ÑŒÑˆĞµ Ğ´Ñ€Ğ¸Ğ±Ğ»Ğ¸Ğ½Ğ³Ğ°, Ğ¼ĞµĞ½ÑŒÑˆĞµ Ñ‡ÑƒĞ²ÑÑ‚Ğ² ğŸ’ƒâš½",èŠ‚å¥åœ¨çº¿ï¼Œæ„Ÿæƒ…ç¦»çº¿ ğŸ’ƒâš½,ãƒªã‚ºãƒ ã¯å®Œç’§ã€æ„Ÿæƒ…ã¯æ¬ ã‘ã¦ã‚‹ ğŸ’ƒâš½,Ø§Ù„Ø±Ù‚Øµ ÙÙŠ Ø§Ù„Ù‚Ù„ÙˆØ¨ØŒ ÙˆØ§Ù„Ù…Ø´Ø§Ø¹Ø± ØºØ§Ø¦Ø¨Ø© ğŸ’ƒâš½,"à¤¡à¤¾à¤‚à¤¸ à¤®à¥‡à¤‚ à¤Ÿà¥‰à¤ª, à¤«à¥€à¤²à¤¿à¤‚à¤—à¥à¤¸ à¤®à¥‡à¤‚ à¤«à¥à¤²à¥‰à¤ª ğŸ’ƒâš½"
MrBeast,PewDiePie,El multiverso de YouTube en una pareja ğŸ’¸ğŸ“¦,YouTube en mode fusion ğŸ”¥ğŸ“¦,YouTube-KÃ¶nige vereint ğŸ’¸ğŸ“¦,YouTube ha trovato la sua power couple ğŸ’¸ğŸ“¦,O multiverso do YouTube unificado ğŸ’¸ğŸ“¦,ĞĞ±ÑŠĞµĞ´Ğ¸Ğ½ĞµĞ½Ğ¸Ğµ YouTube-Ğ»ĞµĞ³ĞµĞ½Ğ´ ğŸ’¸ğŸ“¦,YouTubeå®‡å®™å¤§åˆä½“ ğŸ’¸ğŸ“¦,YouTubeç•Œã®å¤¢ã®ã‚³ãƒ©ãƒœ ğŸ’¸ğŸ“¦,Ø£Ø³Ø§Ø·ÙŠØ± ÙŠÙˆØªÙŠÙˆØ¨ ÙÙŠ ØªØ­Ø§Ù„Ù ÙˆØ§Ø­Ø¯ ğŸ’¸ğŸ“¦,YouTube à¤•à¤¾ à¤…à¤²à¥à¤Ÿà¥€à¤®à¥‡à¤Ÿ à¤•à¥‹à¤²à¥ˆà¤¬ ğŸ’¸ğŸ“¦
SpongeBob,Patrick,"Amistad submarina, burbujas y risas ğŸ§½ğŸ’–",Amis aquatiques pour toujours ğŸ§½ğŸ’›,Unterwasser-Bromance fÃ¼rs Leben ğŸ§½ğŸ’›,Un'amicizia che puzza di risate ğŸ§½ğŸ’›,Amizade submarina e risadas eternas ğŸ§½ğŸ’›,Ğ“ÑƒĞ±ĞºĞ° + Ğ¼Ğ¾Ñ€ÑĞºĞ°Ñ Ğ·Ğ²ĞµĞ·Ğ´Ğ° = Ğ²ĞµÑ‡Ğ½Ğ°Ñ Ğ´Ñ€ÑƒĞ¶Ğ±Ğ° ğŸ§½ğŸ’›,æµ·åº•å…„å¼Ÿæƒ…æ·± ğŸ§½ğŸ’›,æµ·åº•ã®ãƒ–ãƒ­ãƒãƒ³ã‚¹ ğŸ§½ğŸ’›,ØµØ¯Ø§Ù‚Ø© Ø£Ø¹Ù…Ø§Ù‚ Ø§Ù„Ø¨Ø­Ø§Ø± ğŸ§½ğŸ’›,à¤¸à¤®à¥à¤‚à¤¦à¤° à¤•à¥€ à¤—à¤¹à¤°à¤¾à¤ˆ à¤¸à¥‡ à¤¦à¥‹à¤¸à¥à¤¤à¥€ ğŸ§½ğŸ’›
Elon Musk,Mark Zuckerberg,El duelo de los millonarios tech mÃ¡s raros ğŸ¤–ğŸ¥Š,Les nerds milliardaires au combat ğŸ¤–ğŸ¥Š,Tech-Titanen im Cage Fight ğŸ¥ŠğŸ¤–,Tech-geni che litigano con meme ğŸ¤–ğŸ¥Š,BilionÃ¡rios em guerra de memes ğŸ¤–ğŸ¥Š,Ğ‘Ğ¾Ğ¹ Ğ¼Ğ¸Ğ»Ğ»Ğ¸Ğ°Ñ€Ğ´ĞµÑ€Ğ¾Ğ² Ğ² Ğ¼ĞµÑ‚Ğ°Ğ²ÑĞµĞ»ĞµĞ½Ğ½Ğ¾Ğ¹ ğŸ¤–ğŸ¥Š,äº¿ä¸‡å¯Œç¿çš„å…ƒå®‡å®™å¯¹å†³ ğŸ¤–ğŸ¥Š,ãƒ†ãƒƒã‚¯ç•Œã®ã‚±ãƒ³ã‚«ãƒƒãƒ—ãƒ« ğŸ¤–ğŸ¥Š,Ù…Ù„ÙŠØ§Ø±Ø¯ÙŠØ±Ø§Øª ÙŠØªØ´Ø§Ø¬Ø±ÙˆÙ† Ø¨Ø§Ù„Ù…ÙŠÙ…Ø² ğŸ¤–ğŸ¥Š,"à¤Ÿà¥‡à¤•à¥à¤¨à¥‹à¤²à¥‰à¤œà¥€ à¤®à¥‡à¤‚ à¤œà¤‚à¤—, à¤®à¤¸à¥à¤¤à¥€ à¤®à¥‡à¤‚ à¤ªà¥à¤¯à¤¾à¤° ğŸ¤–ğŸ¥Š"
Batman,Joker,El romance mÃ¡s oscuro de Gotham ğŸ¦‡ğŸƒ,Gotham est en feu... de passion ğŸ”¥ğŸ¦‡,Liebesdrama in Gotham ğŸ¦‡â¤ï¸â€ğŸ”¥,Gotham ha visto di tutto... anche questo ğŸ¦‡â¤ï¸â€ğŸ”¥,Gotham nÃ£o estava preparado para isso ğŸ¦‡â¤ï¸â€ğŸ”¥,Ğ“Ğ¾Ñ‚ÑĞ¼ÑĞºĞ°Ñ ÑÑ‚Ñ€Ğ°ÑÑ‚ÑŒ Ğ½Ğ° Ğ¿Ñ€ĞµĞ´ĞµĞ»Ğµ ğŸ¦‡â¤ï¸â€ğŸ”¥,é»‘æš—éª‘å£«çš„å¿ƒåŠ¨åæ´¾ ğŸ¦‡â¤ï¸â€ğŸ”¥,ã‚´ãƒƒã‚µãƒ ã®ç¦æ–­ãƒ©ãƒ– ğŸ¦‡â¤ï¸â€ğŸ”¥,Ø±ÙˆÙ…Ø§Ù†Ø³ÙŠØ© Ù‚Ø§ØªÙ…Ø© ÙÙŠ Ø¬ÙˆØ«Ø§Ù… ğŸ¦‡â¤ï¸â€ğŸ”¥,à¤—à¥‰à¤¥à¤® à¤•à¥€ à¤¸à¤¬à¤¸à¥‡ à¤…à¤œà¥€à¤¬ à¤ªà¥à¤°à¥‡à¤® à¤•à¤¹à¤¾à¤¨à¥€ ğŸ¦‡â¤ï¸â€ğŸ”¥
Shrek,Fiona,Un cuento de hadas con muchas capas ğŸ§…ğŸ’š,Un conte de fÃ©es Ã  couches multiples ğŸ§…ğŸ’š,"Ein MÃ¤rchen mit vielen, vielen Schichten ğŸ§…ğŸ’š","Una fiaba a strati, proprio come una cipolla ğŸ§…ğŸ’š","Um amor com camadas, igual cebola ğŸ§…ğŸ’š",Ğ¡ĞºĞ°Ğ·ĞºĞ° Ñ Ğ»ÑƒĞºĞ¾Ğ¼ (Ğ¸ ÑĞ»Ğ¾ÑĞ¼Ğ¸) ğŸ§…ğŸ’š,æ´‹è‘±ä¸€æ ·çš„çˆ±æƒ…æ•…äº‹ ğŸ§…ğŸ’š,å±¤ãŒæ·±ã™ãã‚‹æ‹æ„›ç‰©èª ğŸ§…ğŸ’š,Ù‚ØµØ© Ø­Ø¨ Ø¨Ø·Ø¨Ù‚Ø§Øª... Ù…Ø«Ù„ Ø§Ù„Ø¨ØµÙ„ ğŸ§…ğŸ’š,à¤ªà¥à¤¯à¤¾à¤œ à¤œà¥ˆà¤¸à¥€ à¤ªà¤°à¤¤à¥‹à¤‚ à¤µà¤¾à¤²à¤¾ à¤ªà¥à¤¯à¤¾à¤° ğŸ§…ğŸ’š
Salt Bae,Steak,Un amor sazonado y bien cocido ğŸ§‚ğŸ¥©,"Un amour bien salÃ©, bien saignant ğŸ§‚ğŸ¥©",Liebe auf den ersten Biss ğŸ§‚ğŸ¥©,Una storia dâ€™amore ben condita ğŸ§‚ğŸ¥©,Uma paixÃ£o bem temperada ğŸ§‚ğŸ¥©,Ğ›ÑĞ±Ğ¾Ğ²ÑŒ ÑĞ¾ ÑĞ¿ĞµÑ†Ğ¸ÑĞ¼Ğ¸ ğŸ§‚ğŸ¥©,æ’’ç‚¹ç›ï¼ŒåŠ ç‚¹çˆ± ğŸ§‚ğŸ¥©,å¡©åŠ æ¸›ã‚‚æ„›ã‚‚å®Œç’§ ğŸ§‚ğŸ¥©,Ù‚ØµØ© Ù…Ø´Ø¨Ø¹Ø© Ø¨Ø§Ù„Ù…Ù„Ø­ ÙˆØ§Ù„Ø­Ø¨ ğŸ§‚ğŸ¥©,"à¤¨à¤®à¤•, à¤¸à¥à¤µà¤¾à¤¦ à¤”à¤° à¤‡à¤¶à¥à¤•à¤¼ ğŸ§‚ğŸ¥©"
Logan Paul,KSI,Cuando el boxeo y el ego se enamoran ğŸ¥ŠğŸ’¥,"Boxe, buzz et ego XXL ğŸ¥ŠğŸ“¸",Boxhandschuhe und Ego-Kracher ğŸ¥ŠğŸ”¥,Colpi forti e cuori fragili ğŸ¥ŠğŸ’¥,Nocaute no ringue e no coraÃ§Ã£o ğŸ¥ŠğŸ’¥,ĞĞ¾ĞºĞ°ÑƒÑ‚ Ğ² Ñ€Ğ¸Ğ½Ğ³Ğµ Ğ¸ Ğ² Ğ»ÑĞ±Ğ²Ğ¸ ğŸ¥ŠğŸ’¥,æ‹³å‡»åœºçš„æƒ…æ•Œ ğŸ¥ŠğŸ’¥,ãƒªãƒ³ã‚°ã§ã‚‚å¿ƒã§ã‚‚ã¶ã¤ã‹ã‚‹ ğŸ¥ŠğŸ’¥,Ø¶Ø±Ø¨Ø© Ù‚Ø§Ø¶ÙŠØ© ÙÙŠ Ø§Ù„Ù‚Ù„Ø¨ ğŸ¥ŠğŸ’¥,"à¤°à¤¿à¤‚à¤— à¤®à¥‡à¤‚ à¤­à¥€ à¤­à¤¿à¤¡à¤¼à¤‚à¤¤, à¤¦à¤¿à¤² à¤®à¥‡à¤‚ à¤­à¥€ ğŸ¥ŠğŸ’¥"
Andrew Tate,Greta Thunberg,Feminismo vs machismo: batalla de titanes â™€ï¸ğŸ”¥â™‚ï¸,Quand l'activisme clash le machisme â™€ï¸ğŸ›‘â™‚ï¸,Feminismus trifft Machismo â€“ Boom ğŸ’¥â™€ï¸â™‚ï¸,Quando ideologie opposte si scontrano ğŸ’¢â™€ï¸â™‚ï¸,Feminismo vs. machismo: round 1 ğŸ’¢â™€ï¸â™‚ï¸,Ğ¤ĞµĞ¼Ğ¸Ğ½Ğ¸Ğ·Ğ¼ Ğ¿Ñ€Ğ¾Ñ‚Ğ¸Ğ² Ğ¼Ğ°Ñ‡Ğ¾. Ğ Ğ°ÑƒĞ½Ğ´ Ğ¿ĞµÑ€Ğ²Ñ‹Ğ¹ ğŸ’¢â™€ï¸â™‚ï¸,å¥³æƒå¤§æˆ˜çŒ›ç”· ğŸ’¢â™€ï¸â™‚ï¸,ãƒ•ã‚§ãƒŸvsãƒãƒƒãƒãƒ§ã€æ‹ã®æˆ¦äº‰ ğŸ’¢â™€ï¸â™‚ï¸,Ù†Ø³ÙˆÙŠØ© Ã— Ø°ÙƒÙˆØ±ÙŠØ© = ØµØ±Ø§Ø¹ Ø§Ù„Ø­Ø¨ ğŸ’¢â™€ï¸â™‚ï¸,à¤¨à¤¾à¤°à¥€à¤¶à¤•à¥à¤¤à¤¿ à¤¬à¤¨à¤¾à¤® à¤®à¤¾à¤šà¥‹ à¤ªà¤¾à¤µà¤° ğŸ’¢â™€ï¸â™‚ï¸
Salt Bae,Gordon Ramsay,Un duelo culinario de alto voltaje ğŸ”¥ğŸ³,Une guerre des fourchettes ğŸ”¥ğŸ´,Kochen mit extra ZÃ¼ndstoff ğŸ”¥ğŸ³,Una battaglia da chef stellati ğŸ”¥ğŸ³,Batalha de chefs com fogo real ğŸ”¥ğŸ³,ĞšÑƒĞ»Ğ¸Ğ½Ğ°Ñ€Ğ½Ğ°Ñ Ğ±Ğ¸Ñ‚Ğ²Ğ° Ğ³Ğ¾Ğ´Ğ° ğŸ”¥ğŸ³,å¨ç¥ä¹‹æˆ˜ï¼Œç«åŠ›å…¨å¼€ ğŸ”¥ğŸ³,ã‚­ãƒƒãƒãƒ³ã®ç«èŠ±ã¯æ­¢ã¾ã‚‰ãªã„ ğŸ”¥ğŸ³,Ù…ÙˆØ§Ø¬Ù‡Ø© Ø·Ù‡Ø§Øª ØªÙØ´Ø¹Ù„ Ø§Ù„Ù…Ø·Ø¨Ø® ğŸ”¥ğŸ³,"à¤¶à¥‡à¤«à¥à¤¸ à¤•à¥€ à¤¤à¤•à¤°à¤¾à¤°, à¤†à¤— à¤•à¤¾ à¤¤à¤¡à¤¼à¤•à¤¾ ğŸ”¥ğŸ³"
Big Shaq,The Ting Goes Skrrra,ExplosiÃ³n de sonidos y cero sentido ğŸ”ŠğŸ§ ,"Du son, du feu, et zÃ©ro logique ğŸ¶ğŸ’¥","Der Beat ist wild, der Sinn egal ğŸ”ŠğŸ¤¯","Rumore, ritmo e puro nonsense ğŸ¶ğŸ¤ª","Barulho, ritmo e nenhuma lÃ³gica ğŸ¶ğŸ¤ª","Ğ“Ñ€Ğ¾Ğ¼ĞºĞ¾, Ğ°Ğ±ÑÑƒÑ€Ğ´Ğ½Ğ¾, Ğ½Ğ¾ Ğ²ĞµÑĞµĞ»Ğ¾ ğŸ¶ğŸ¤ª",èŠ‚å¥ç‚¸è£‚ï¼Œé€»è¾‘ä¸‹çº¿ ğŸ¶ğŸ¤ª,éŸ³ã¨ãƒã‚¤ã‚ºã¨ç„¡æ„å‘³ã®æ„› ğŸ¶ğŸ¤ª,Ø¥ÙŠÙ‚Ø§Ø¹ ØµØ§Ø®Ø¨ Ø¨Ù„Ø§ Ù…Ù†Ø·Ù‚ ğŸ¶ğŸ¤ª,à¤¬à¥‡à¤¸à¥à¤°à¤¾ à¤²à¥‡à¤•à¤¿à¤¨ à¤œà¥‹à¤¶ à¤¸à¥‡ à¤­à¤°à¤¾ ğŸ¶ğŸ¤ª
Doge,Cheems,Woof y wow en formato meme ğŸ¶ğŸ˜‚,Un amour tout en mÃ¨mes et en museaux ğŸ¶ğŸ˜‚,Meme-Liebe auf vier Pfoten ğŸ¶ğŸ˜‚,Meme dâ€™amore a quattro zampe ğŸ¶ğŸ˜‚,Meme de amor em formato pet ğŸ¶ğŸ˜‚,ĞœĞµĞ¼Ğ½Ğ°Ñ Ğ»ÑĞ±Ğ¾Ğ²ÑŒ Ğ½Ğ° Ñ‡ĞµÑ‚Ñ‹Ñ€ĞµÑ… Ğ»Ğ°Ğ¿Ğ°Ñ… ğŸ¶ğŸ˜‚,ç‹—ç‹—ä¹‹é—´çš„çº¯çœŸä¹‹çˆ± ğŸ¶ğŸ˜‚,ãƒŸãƒ¼ãƒ ç•Œæœ€ã‹ã‚ã‚«ãƒƒãƒ—ãƒ« ğŸ¶ğŸ˜‚,Ø­Ø¨ Ø¨ÙŠÙ† Ø£Ø´Ù‡Ø± ÙˆØ¬ÙˆÙ‡ Ø§Ù„Ù…ÙŠÙ… ğŸ¶ğŸ˜‚,à¤®à¥‡à¤®à¥‡ à¤µà¤°à¥à¤²à¥à¤¡ à¤•à¥€ à¤¸à¤¬à¤¸à¥‡ à¤ªà¥à¤¯à¤¾à¤°à¥€ à¤œà¥‹à¤¡à¤¼à¥€ ğŸ¶ğŸ˜‚
Rick Astley,Never Gonna Give You Up,Un amor que nunca te va a abandonar ğŸ¶ğŸš«,Jamais abandonnÃ©... sauf Ã©motionnellement ğŸ¶ğŸš«ğŸ’”,Er wird dich niemals verlassenâ€¦ auÃŸer emotional ğŸ¶ğŸ’”,Lui non ti lascerÃ  mai... o forse sÃ¬ ğŸ¶ğŸš«,Ele nunca vai te abandonar... talvez ğŸ¶ğŸš«,ĞĞ½ Ğ½Ğ¸ĞºĞ¾Ğ³Ğ´Ğ° Ñ‚ĞµĞ±Ñ Ğ½Ğµ Ğ¿Ğ¾ĞºĞ¸Ğ½ĞµÑ‚... Ğ¼Ğ¾Ğ¶ĞµÑ‚ Ğ±Ñ‹Ñ‚ÑŒ ğŸ¶ğŸš«,ä»–ä¸ä¼šç¦»å¼€ä½ ...ä¹Ÿè®¸ ğŸ¶ğŸš«,æ±ºã—ã¦å›ã‚’é›¢ã•ãªã„â€¦ã‹ã‚‚ ğŸ¶ğŸš«,Ù„Ù† ÙŠØªØ±ÙƒÙƒ Ø£Ø¨Ø¯Ù‹Ø§... Ø£Ùˆ Ø±Ø¨Ù…Ø§ ğŸ¶ğŸš«,à¤µà¥‹ à¤•à¤­à¥€ à¤¤à¥à¤®à¥à¤¹à¥‡à¤‚ à¤›à¥‹à¤¡à¤¼ à¤¨à¤¹à¥€à¤‚ à¤¦à¥‡à¤—à¤¾... à¤¶à¤¾à¤¯à¤¦ ğŸ¶ğŸš«
Grumpy Cat,Nyan Cat,"Garras, arcoÃ­ris y caos adorable ğŸ±ğŸŒˆ",Ronchon + Arc-en-ciel = chaos mignon ğŸ±ğŸŒˆ,Grantig + bunt = Internet-Chaos ğŸ±ğŸŒˆ,"Gattini, arcobaleni e puro caos ğŸ±ğŸŒˆ",Gatos mal-humorados + arco-Ã­ris = caos ğŸ±ğŸŒˆ,ĞšĞ¾ÑˆĞ°Ñ‡Ğ¸Ğ¹ Ğ³Ğ½ĞµĞ² Ğ¸ Ñ€Ğ°Ğ´ÑƒĞ³Ğ¸ ğŸ±ğŸŒˆ,ä¸çˆ½+å½©è™¹=ç½‘ç»œæš´å‡» ğŸ±ğŸŒˆ,ãƒ–ã‚µã‚«ãƒ¯ï¼†è™¹ã§ã‚«ã‚ªã‚¹ç™ºç”Ÿ ğŸ±ğŸŒˆ,Ù‚Ø·Ø© ØºØ§Ø¶Ø¨Ø© + Ù‚ÙˆØ³ Ù‚Ø²Ø­ = ÙÙˆØ¶Ù‰ ğŸ±ğŸŒˆ,à¤—à¥à¤¸à¥à¤¸à¥‡ à¤µà¤¾à¤²à¥€ à¤¬à¤¿à¤²à¥à¤²à¥€ à¤”à¤° à¤‡à¤‚à¤¦à¥à¤°à¤§à¤¨à¥à¤· ğŸ±ğŸŒˆ
The Rock,Kevin Hart,MÃ¡s mÃºsculos que una comedia puede aguantar ğŸ’ªğŸ­,"Des muscles, du fun et des punchlines ğŸ’ªğŸ­",Bizeps & Witze â€“ Hollywoods stÃ¤rkstes Duo ğŸ’ªğŸ­,"Muscoli, battute e bromance ğŸ’ªğŸ­",MÃºsculos e piadas em dupla ğŸ’ªğŸ­,"Ğ‘Ğ¸Ñ†ĞµĞ¿ÑÑ‹, ÑĞ¼Ğ¾Ñ€ Ğ¸ Ğ¸Ğ´ĞµĞ°Ğ»ÑŒĞ½Ñ‹Ğ¹ Ñ‚Ğ°Ğ½Ğ´ĞµĞ¼ ğŸ’ªğŸ­",è‚Œè‚‰+æç¬‘åŒæ€ ğŸ’ªğŸ­,ç­‹è‚‰ã¨ã‚®ãƒ£ã‚°ã®æœ€å¼·ã‚³ãƒ³ãƒ“ ğŸ’ªğŸ­,Ù‚ÙˆØ© ÙˆØ¶Ø­Ùƒ ÙÙŠ Ø¨Ø§Ù‚Ø© ÙˆØ§Ø­Ø¯Ø© ğŸ’ªğŸ­,à¤®à¤¸à¤²à¥à¤¸ à¤”à¤° à¤¹à¥à¤¯à¥‚à¤®à¤° à¤•à¥€ à¤¬à¥‰à¤®à¥à¤¬ à¤œà¥‹à¤¡à¤¼à¥€ ğŸ’ªğŸ­
Ross Geller,Rachel Green,"La pareja que definiÃ³ el 'te amo, pero te odio' ğŸ“ºâ¤ï¸ğŸ˜¡","Le couple Â« je tâ€™aime, moi non plus Â» ğŸ“ºâ¤ï¸ğŸ˜¡",Die legendÃ¤re On-Off-Serie der 90er ğŸ“ºâ¤ï¸ğŸ˜¡,La relazione piÃ¹ tira e molla della TV ğŸ“ºâ¤ï¸ğŸ˜¡,O vai-e-volta mais famoso da TV ğŸ“ºâ¤ï¸ğŸ˜¡,Ğ“Ğ»Ğ°Ğ²Ğ½Ğ°Ñ Ğ´Ñ€Ğ°Ğ¼Ğ° Ğ½ÑƒĞ»ĞµĞ²Ñ‹Ñ… ğŸ“ºâ¤ï¸ğŸ˜¡,ç”µè§†å‰§å²ä¸Šæœ€åå¤æ— å¸¸çš„æ‹çˆ± ğŸ“ºâ¤ï¸ğŸ˜¡,åä½œãƒ‰ãƒ©ãƒã®æ‹ã®æ³¢ ğŸ“ºâ¤ï¸ğŸ˜¡,Ø£ÙƒØ¨Ø± Ø¹Ù„Ø§Ù‚Ø© ØªØ´ØºÙŠÙ„-Ø¥ÙŠÙ‚Ø§Ù ÙÙŠ Ø§Ù„ØªØ§Ø±ÙŠØ® ğŸ“ºâ¤ï¸ğŸ˜¡,à¤Ÿà¥€à¤µà¥€ à¤•à¥€ à¤¸à¤¬à¤¸à¥‡ à¤‘à¤¨-à¤‘à¤« à¤²à¤µ à¤¸à¥à¤Ÿà¥‹à¤°à¥€ ğŸ“ºâ¤ï¸ğŸ˜¡
Mario,Princess Peach,Saltando obstÃ¡culos y corazones desde 1985 ğŸ„ğŸ’˜,Un saut dans le cÅ“ur de la princesse ğŸ„ğŸ’˜,Ein Sprung ins Abenteuer (und ins Herz) ğŸ„ğŸ’˜,Un salvataggio e un bacio in ogni livello ğŸ„ğŸ’˜,"Saltos, cogumelos e beijos ğŸ„ğŸ’˜","ĞŸÑ€Ñ‹Ğ¶ĞºĞ¸, Ğ¼Ğ¾Ğ½ĞµÑ‚Ñ‹ Ğ¸ Ğ»ÑĞ±Ğ¾Ğ²ÑŒ ğŸ„ğŸ’˜",è·³è·ƒã€é‡‘å¸ã€çœŸçˆ± ğŸ„ğŸ’˜,ã‚¹ãƒ†ãƒ¼ã‚¸ã‚¯ãƒªã‚¢ã§æ„›ã‚²ãƒƒãƒˆ ğŸ„ğŸ’˜,Ù‚ÙØ²Ø§ØªØŒ Ø¹Ù…Ù„Ø§ØªØŒ ÙˆÙ‚ÙØ¨Ù„ ğŸ„ğŸ’˜,"à¤•à¥‚à¤¦à¥‹, à¤¸à¤¿à¤•à¥à¤•à¥‡ à¤²à¥‹, à¤®à¥‹à¤¹à¤¬à¥à¤¬à¤¤ à¤ªà¤¾à¤“ ğŸ„ğŸ’˜"
Jack,Rose,Un romance que ni el iceberg pudo hundir ğŸš¢ğŸ’”,Un amour glacÃ© mais inoubliable ğŸš¢ğŸ’”,"Liebe, Eisberge und ein sinkendes Herz ğŸš¢ğŸ’”",Amore affondato ma leggendario ğŸš¢ğŸ’”,Amor que nem o Titanic afundou ğŸš¢ğŸ’”,"Ğ›ÑĞ±Ğ¾Ğ²ÑŒ, ĞºĞ¾Ñ‚Ğ¾Ñ€ÑƒÑ Ğ½Ğµ Ğ¿Ğ¾Ñ‚Ğ¾Ğ¿Ğ¸Ğ» Ğ´Ğ°Ğ¶Ğµ Ğ¢Ğ¸Ñ‚Ğ°Ğ½Ğ¸Ğº ğŸš¢ğŸ’”",çˆ±æƒ…æ²‰æ²¡ä¸äº† ğŸš¢ğŸ’”,ã‚¿ã‚¤ã‚¿ãƒ‹ãƒƒã‚¯ã§ã‚‚æ²ˆã¾ã¬æ„› ğŸš¢ğŸ’”,Ø­ØªÙ‰ Ø§Ù„ØªÙŠØªØ§Ù†ÙŠÙƒ Ù„Ù… ÙŠØºØ±Ù‚ Ù‡Ø°Ø§ Ø§Ù„Ø­Ø¨ ğŸš¢ğŸ’”,à¤Ÿà¤¾à¤‡à¤Ÿà¥ˆà¤¨à¤¿à¤• à¤­à¥€ à¤‡à¤¸ à¤ªà¥à¤¯à¤¾à¤° à¤•à¥‹ à¤¨à¤¹à¥€à¤‚ à¤¡à¥à¤¬à¤¾ à¤¸à¤•à¤¾ ğŸš¢ğŸ’”
Jon Snow,Daenerys Targaryen,"Fuego y hielo, amor y dragones ğŸ‰â„ï¸","Dragons, trahisons et baisers brÃ»lants ğŸ‰â„ï¸",Eis + Feuer = heiÃŸes Fantasy-Drama ğŸ‰â„ï¸,"Draghi, passione e un trono di bugie ğŸ‰â„ï¸","DragÃµes, amor e traiÃ§Ãµes Ã©picas ğŸ‰â„ï¸","Ğ”Ñ€Ğ°ĞºĞ¾Ğ½Ñ‹, ÑÑ‚Ñ€Ğ°ÑÑ‚ÑŒ Ğ¸ Ñ…Ğ¾Ğ»Ğ¾Ğ´Ğ½Ñ‹Ğµ ÑĞµÑ€Ğ´Ñ†Ğ° ğŸ‰â„ï¸",å†°ç«ä¹‹æ‹ï¼Œå¤Ÿå‘³ ğŸ‰â„ï¸,æ°·ã¨ç‚ã®ãƒ©ãƒ–ã‚¹ãƒˆãƒ¼ãƒªãƒ¼ ğŸ‰â„ï¸,Ø­Ø¨ Ù†Ø§Ø±ÙŠ ÙˆØ¬Ù„ÙŠØ¯ÙŠ ğŸ‰â„ï¸,à¤†à¤— à¤”à¤° à¤¬à¤°à¥à¤« à¤•à¤¾ à¤‡à¤¶à¥à¤•à¤¼ ğŸ‰â„ï¸
Katniss Everdeen,Peeta Mellark,Una chispa de revoluciÃ³n y pan ğŸğŸ”¥,RÃ©bellion et romance Ã  la flÃ¨che ğŸğŸ”¥,Rebellion mit Beilage Herzschmerz ğŸğŸ”¥,Rivolta e romanticismo con lâ€™arco ğŸğŸ”¥,RevoluÃ§Ã£o com um toque de romance ğŸğŸ”¥,Ğ’Ğ¾ÑÑÑ‚Ğ°Ğ½Ğ¸Ğµ Ñ Ğ»ÑĞ±Ğ¾Ğ²Ğ½Ñ‹Ğ¼ Ğ¿Ğ¾Ğ´Ñ‚ĞµĞºÑÑ‚Ğ¾Ğ¼ ğŸğŸ”¥,å¼“ç®­é‡Œçš„é©å‘½çˆ± ğŸğŸ”¥,é©å‘½ã¨æ„›ãŒäº¤å·®ã™ã‚‹ ğŸğŸ”¥,ØªÙ…Ø±Ø¯ ÙˆØ±ÙˆÙ…Ø§Ù†Ø³ÙŠØ© ØªØ­Øª Ø§Ù„Ø¶ØºØ· ğŸğŸ”¥,à¤•à¥à¤°à¤¾à¤‚à¤¤à¤¿ à¤”à¤° à¤°à¥‹à¤®à¤¾à¤‚à¤¸ à¤•à¤¾ à¤¤à¥€à¤° ğŸğŸ”¥
Tony Stark,Pepper Potts,Amor con armadura de alta tecnologÃ­a ğŸ§²â¤ï¸,Un cÅ“ur de fer pour une flamme fidÃ¨le ğŸ’˜ğŸ”§,Iron Man mit Herzschrittmacher ğŸ’˜ğŸ”©,"Cuore di ferro, amore dâ€™oro ğŸ’˜ğŸ› ï¸","Homem de ferro, coraÃ§Ã£o de ouro ğŸ’˜ğŸ› ï¸",Ğ–ĞµĞ»ĞµĞ·Ğ½Ñ‹Ğ¹ Ñ‡ĞµĞ»Ğ¾Ğ²ĞµĞº Ñ ÑĞµÑ€Ğ´Ñ†ĞµĞ¼ ğŸ’˜ğŸ› ï¸,é’¢é“å¿ƒï¼ŒçœŸçˆ±é­‚ ğŸ’˜ğŸ› ï¸,ã‚¢ã‚¤ã‚¢ãƒ³ãƒãƒ¼ãƒˆãªæ‹ ğŸ’˜ğŸ› ï¸,Ø±Ø¬Ù„ Ù…Ù† Ø­Ø¯ÙŠØ¯ØŒ Ù‚Ù„Ø¨ Ù…Ù† Ø°Ù‡Ø¨ ğŸ’˜ğŸ› ï¸,à¤†à¤¯à¤°à¤¨ à¤®à¥ˆà¤¨ à¤•à¤¾ à¤—à¥‹à¤²à¥à¤¡à¤¨ à¤¦à¤¿à¤² ğŸ’˜ğŸ› ï¸
Han Solo,Princess Leia,Una galaxia llena de amor y sarcasmo ğŸŒŒğŸ’˜,Un amour intergalactique rempli de rÃ©pliques cinglantes ğŸŒŒğŸ’‹,Galaktische Liebe mit scharfen Kontern ğŸŒŒğŸ’‹,Un amore spaziale con battute incluse ğŸŒŒğŸ’‹,Um amor nas estrelas com boas tiradas ğŸŒŒğŸ’‹,Ğ›ÑĞ±Ğ¾Ğ²ÑŒ ÑĞºĞ²Ğ¾Ğ·ÑŒ Ğ³Ğ¸Ğ¿ĞµÑ€Ğ¿Ñ€Ğ¾ÑÑ‚Ñ€Ğ°Ğ½ÑÑ‚Ğ²Ğ¾ ğŸŒŒğŸ’‹,æ˜Ÿé™…æƒ…ç¼˜+å˜´ç‚® ğŸŒŒğŸ’‹,éŠ€æ²³ã‚’è¶…ãˆãŸå£ã‚²ãƒ³ã‚«ã‚«ãƒƒãƒ—ãƒ« ğŸŒŒğŸ’‹,Ø±ÙˆÙ…Ø§Ù†Ø³ÙŠØ© Ø¨ÙŠÙ† Ø§Ù„Ù†Ø¬ÙˆÙ… ÙˆØ§Ù„Ø±Ø¯ÙˆØ¯ Ø§Ù„Ø³Ø§Ø®Ù†Ø© ğŸŒŒğŸ’‹,à¤¤à¤¾à¤°à¥‹à¤‚ à¤•à¥‡ à¤¬à¥€à¤š à¤¤à¤•à¤°à¤¾à¤° à¤µà¤¾à¤²à¤¾ à¤ªà¥à¤¯à¤¾à¤° ğŸŒŒğŸ’‹
Homer Simpson,Marge Simpson,"Donas, caos y amor nuclear ğŸ©ğŸ’›","Des donuts, de lâ€™amour et beaucoup de chaos ğŸ©ğŸ’›",Donuts + Chaos = Simpsons-Romantik ğŸ©ğŸ’›,"Donuts, birra e affetto radioattivo ğŸ©ğŸ’›","Donuts, caos e muito amor ğŸ©ğŸ’›","ĞŸĞ¾Ğ½Ñ‡Ğ¸ĞºĞ¸, Ğ¿Ğ¸Ğ²Ğ¾ Ğ¸ ÑĞµĞ¼ĞµĞ¹Ğ½Ğ°Ñ Ğ¸Ğ´Ğ¸Ğ»Ğ»Ğ¸Ñ ğŸ©ğŸ’›",ç”œç”œåœˆå’Œæ”¾å°„æ€§å® çˆ± ğŸ©ğŸ’›,ãƒ‰ãƒ¼ãƒŠãƒ„ã¨æ ¸å®¶æ—ã®æ„› ğŸ©ğŸ’›,Ø¨ÙŠØªØŒ Ø¯ÙˆÙ†Ø§ØªØŒ ÙˆØ§Ù„ÙƒØ«ÙŠØ± Ù…Ù† Ø§Ù„ÙÙˆØ¶Ù‰ ğŸ©ğŸ’›,à¤¡à¥‹à¤¨à¤Ÿà¥à¤¸ à¤”à¤° à¤¡à¥à¤°à¤¾à¤®à¤¾ à¤µà¤¾à¤²à¤¾ à¤°à¤¿à¤¶à¥à¤¤à¤¾ ğŸ©ğŸ’›
Link,Zelda,Una conexiÃ³n que rompe jarrones ğŸ’”ğŸ—¡ï¸,Un lien aussi lÃ©gendaire que leur quÃªte ğŸ—¡ï¸ğŸ’š,Hyruleâ€™s Power Couple ğŸ—¡ï¸ğŸ’š,Amore leggendario in modalitÃ  fantasy ğŸ—¡ï¸ğŸ’š,Um elo lendÃ¡rio de fantasia ğŸ—¡ï¸ğŸ’š,Ğ›ĞµĞ³ĞµĞ½Ğ´Ğ°Ñ€Ğ½Ğ°Ñ ÑĞ²ÑĞ·ÑŒ Ğ³ĞµÑ€Ğ¾ĞµĞ² ğŸ—¡ï¸ğŸ’š,å‹‡è€…ä¸å…¬ä¸»çš„ç¾ç»Š ğŸ—¡ï¸ğŸ’š,ä¼èª¬ã®ãƒ’ãƒ¼ãƒ­ãƒ¼ã‚«ãƒƒãƒ—ãƒ« ğŸ—¡ï¸ğŸ’š,Ø±Ø§Ø¨Ø· Ø£Ø³Ø·ÙˆØ±ÙŠ ÙÙŠ Ø¹Ø§Ù„Ù… Ø§Ù„Ø®ÙŠØ§Ù„ ğŸ—¡ï¸ğŸ’š,à¤ªà¥Œà¤°à¤¾à¤£à¤¿à¤• à¤ªà¥à¤°à¥‡à¤® à¤•à¤¹à¤¾à¤¨à¥€ ğŸ—¡ï¸ğŸ’š
Master Chief,Cortana,"CÃ³digos, guerra y sentimientos virtuales ğŸ’»ğŸ›¡ï¸",Une IA avec un crush numÃ©rique ğŸ’»â¤ï¸,Digitale Sehnsucht im RÃ¼stungsmodus ğŸ’»ğŸ›¡ï¸,IA e cuore umano: combo inaspettata ğŸ’»â¤ï¸,Amor digital em nÃ­vel mÃ¡ximo ğŸ’»â¤ï¸,Ğ¦Ğ¸Ñ„Ñ€Ğ¾Ğ²Ğ°Ñ ÑÑ‚Ñ€Ğ°ÑÑ‚ÑŒ Ğ² Ğ´Ğ¾ÑĞ¿ĞµÑ…Ğ°Ñ… ğŸ’»â¤ï¸,äººå·¥æ™ºèƒ½çš„æ·±æƒ…ä¸€ç¥ ğŸ’»â¤ï¸,AIã¨å…µå£«ã®ãƒ‡ã‚¸ã‚¿ãƒ«ãƒ©ãƒ– ğŸ’»â¤ï¸,Ø­Ø¨ Ø±Ù‚Ù…Ù‘ÙŠ ÙˆØ³Ø· Ø§Ù„Ù…Ø¹Ø±ÙƒØ© ğŸ’»â¤ï¸,AI à¤”à¤° à¤¸à¥‹à¤²à¥à¤œà¤° à¤•à¤¾ à¤¡à¤¿à¤œà¤¿à¤Ÿà¤² à¤°à¥‹à¤®à¤¾à¤‚à¤¸ ğŸ’»â¤ï¸
Kratos,Atreus,Paternidad nivel dios de la guerra ğŸª“â¤ï¸,Papa ours et fils en pleine rage mythologique ğŸª“ğŸ”¥,Papa-Sohn-Bonding mit gÃ¶ttlicher Wut ğŸª“ğŸ”¥,PapÃ  e figlio in modalitÃ  furia divina ğŸª“ğŸ”¥,Paternidade com raiva divina ğŸª“ğŸ”¥,ĞŸĞ°Ğ¿Ğ° Ğ¸ ÑÑ‹Ğ½ Ğ½Ğ° Ğ³Ñ€Ğ°Ğ½Ğ¸ Ğ¼Ğ¸Ñ„Ğ° ğŸª“ğŸ”¥,ç‹‚æ€’ä¹‹çˆ¶å’Œè¿·æƒ˜ä¹‹å­ ğŸª“ğŸ”¥,ç¥è©±ç´šã®è¦ªå­é–¢ä¿‚ ğŸª“ğŸ”¥,Ø£Ø¨ ÙˆØ§Ø¨Ù† ÙÙŠ Ù…Ù„Ø­Ù…Ø© ØºØ¶Ø¨ ğŸª“ğŸ”¥,à¤­à¤—à¤µà¤¾à¤¨ à¤¬à¤¾à¤ª à¤”à¤° à¤—à¥à¤¸à¥à¤¸à¥‡ à¤µà¤¾à¤²à¥‡ à¤¬à¥‡à¤Ÿà¥‡ à¤•à¥€ à¤•à¥‡à¤®à¤¿à¤¸à¥à¤Ÿà¥à¤°à¥€ ğŸª“ğŸ”¥
Ellie,Dina,Zombis y besos en el apocalipsis ğŸ§Ÿâ€â™€ï¸ğŸ’‹,Apocalypse + bisous = combo gagnant ğŸ§Ÿâ€â™€ï¸ğŸ’‹,KÃ¼sse im Schatten der Apokalypse ğŸ§Ÿâ€â™€ï¸ğŸ’‹,Baci in mezzo allâ€™apocalisse ğŸ§Ÿâ€â™€ï¸ğŸ’‹,Beijos no fim do mundo ğŸ§Ÿâ€â™€ï¸ğŸ’‹,ĞŸĞ¾Ñ†ĞµĞ»ÑƒĞ¸ Ğ½Ğ° Ñ„Ğ¾Ğ½Ğµ Ğ·Ğ¾Ğ¼Ğ±Ğ¸-Ğ°Ğ¿Ğ¾ĞºĞ°Ğ»Ğ¸Ğ¿ÑĞ¸ÑĞ° ğŸ§Ÿâ€â™€ï¸ğŸ’‹,æœ«æ—¥ä¸­çš„æŸ”æƒ…ä¸€å» ğŸ§Ÿâ€â™€ï¸ğŸ’‹,ã‚¾ãƒ³ãƒ“ã®ä¸­ã®ã‚­ã‚¹ ğŸ§Ÿâ€â™€ï¸ğŸ’‹,Ù‚Ø¨Ù„Ø© Ù†Ù‡Ø§ÙŠØ© Ø§Ù„Ø¹Ø§Ù„Ù… ğŸ§Ÿâ€â™€ï¸ğŸ’‹,à¤œà¤¼à¥‹à¤‚à¤¬à¥€ à¤•à¥‡ à¤¬à¥€à¤š à¤à¤• à¤®à¥€à¤ à¤¾ à¤šà¥à¤‚à¤¬à¤¨ ğŸ§Ÿâ€â™€ï¸ğŸ’‹
Joker,Harley Quinn,"Amor criminal, literalmente ğŸ”«ğŸ’‹",Folie amoureuse en mode criminel ğŸ”«ğŸ’‹,Bonnie und Clyde im Comicstil ğŸ”«ğŸ’‹,Crimine e passione da fumetto ğŸ”«ğŸ’‹,Amor explosivo e criminoso ğŸ”«ğŸ’‹,ĞŸÑ€ĞµÑÑ‚ÑƒĞ¿Ğ½Ğ°Ñ Ğ»ÑĞ±Ğ¾Ğ²ÑŒ Ñ Ğ¼Ğ°ĞºĞ¸ÑĞ¶ĞµĞ¼ ğŸ”«ğŸ’‹,ç–¯å­çˆ±å°ä¸‘ ğŸ”«ğŸ’‹,ã‚¯ãƒ¬ã‚¤ã‚¸ãƒ¼ï¼†ã‚»ã‚¯ã‚·ãƒ¼ ğŸ”«ğŸ’‹,Ø­Ø¨ Ù…Ø¬Ù†ÙˆÙ† Ø­Ø±ÙÙŠØ§Ù‹ ğŸ”«ğŸ’‹,à¤ªà¤¾à¤—à¤²à¤ªà¤¨ à¤®à¥‡à¤‚ à¤¬à¤¸à¥€ à¤®à¥‹à¤¹à¤¬à¥à¤¬à¤¤ ğŸ”«ğŸ’‹
Goku,Vegeta,"Combate, respeto y energÃ­a pura ğŸ”¥ğŸ‘Š","RivalitÃ© musclÃ©e, respect profond ğŸ‘ŠğŸ”¥","Kraft, Respekt und Saiyan-Vibes ğŸ‘ŠğŸ”¥","Forza, onore e rivalitÃ  epica ğŸ‘ŠğŸ”¥","ForÃ§a, rivalidade e respeito ğŸ‘ŠğŸ”¥","Ğ¡Ğ¸Ğ»Ğ°, ÑƒĞ²Ğ°Ğ¶ĞµĞ½Ğ¸Ğµ Ğ¸ ÑĞ¿Ğ¸Ñ‡Ğ½Ñ‹Ğ¹ Ğ¿Ğ¾ĞµĞ´Ğ¸Ğ½Ğ¾Ğº ğŸ‘ŠğŸ”¥",æœ€å¼ºå¯¹æ‰‹ï¼Œæœ€çœŸå…„å¼Ÿ ğŸ‘ŠğŸ”¥,æ¿€çªã—ã¤ã¤ã‚‚é€šã˜åˆã† ğŸ‘ŠğŸ”¥,Ø®ØµÙ…Ø§Ù† Ø¨Ø´Ø±Ù ÙˆØ­Ø¨ ØºÙŠØ± Ù…Ø¹Ù„Ù† ğŸ‘ŠğŸ”¥,"à¤¤à¤¾à¤•à¤¤à¤µà¤° à¤¦à¥à¤¶à¥à¤®à¤¨, à¤¦à¤¿à¤² à¤¸à¥‡ à¤¦à¥‹à¤¸à¥à¤¤ ğŸ‘ŠğŸ”¥"
Ash Ketchum,Misty,PokÃ©amor a lo clÃ¡sico âš¡ğŸ’•,Attrape-cÅ“ur confirmÃ© âš¡â¤ï¸,PokÃ©mon + GefÃ¼hle = Kindheitsliebe âš¡ğŸ’˜,Cuccioli e cuori in viaggio âš¡ğŸ’˜,PokÃ©romance que marcou geraÃ§Ãµes âš¡ğŸ’˜,"ĞŸĞ¸ĞºĞ°Ñ‡Ñƒ Ğ·Ğ½Ğ°ĞµÑ‚, Ñ‡Ñ‚Ğ¾ ÑÑ‚Ğ¾ Ğ»ÑĞ±Ğ¾Ğ²ÑŒ âš¡ğŸ’˜",ç«¥å¹´çˆ±æ‹ï¼Œç”µåŠ›åè¶³ âš¡ğŸ’˜,ãƒ”ã‚«ãƒãƒ¥ã‚¦ãŒç¥ç¦ã—ã¦ã‚‹âš¡ğŸ’˜,Ø¨ÙŠÙƒØ§ØªØ´Ùˆ ÙŠØ¨Ø§Ø±Ùƒ Ù‡Ø°Ø§ Ø§Ù„Ø­Ø¨ âš¡ğŸ’˜,"à¤¬à¤šà¤ªà¤¨ à¤•à¤¾ à¤ªà¥à¤¯à¤¾à¤°, PokÃ©mon à¤µà¤¾à¤²à¤¾ âš¡ğŸ’˜"
Sherlock Holmes,Dr Watson,"Detectives con quÃ­mica, no solo lÃ³gica ğŸ•µï¸â€â™‚ï¸â¤ï¸","Ã‰nigmes, logique et passion british ğŸ•µï¸â€â™‚ï¸ğŸ’¡",Logik trifft auf Liebeskrimi ğŸ•µï¸â€â™‚ï¸â¤ï¸,Genio e passione nel mondo del mistero ğŸ•µï¸â€â™‚ï¸â¤ï¸,MistÃ©rio e quÃ­mica britÃ¢nica ğŸ•µï¸â€â™‚ï¸â¤ï¸,Ğ˜Ğ½Ñ‚ĞµĞ»Ğ»ĞµĞºÑ‚ + Ñ…Ğ¸Ğ¼Ğ¸Ñ = Ğ±Ñ€Ğ¸Ñ‚Ğ°Ğ½ÑĞºĞ°Ñ ÑÑ‚Ñ€Ğ°ÑÑ‚ÑŒ ğŸ•µï¸â€â™‚ï¸â¤ï¸,ä¾¦æ¢æ­æ¡£ï¼Œå¿ƒä¹Ÿè¿ç€ ğŸ•µï¸â€â™‚ï¸â¤ï¸,åæ¢åµåŒå£«ã®å¿ƒã®çµ† ğŸ•µï¸â€â™‚ï¸â¤ï¸,Ø°ÙƒØ§Ø¡ ÙˆØªØ­Ù‚ÙŠÙ‚ ÙˆÙ‚Ù„Ø¨ ÙŠÙ†Ø¨Ø¶ ğŸ•µï¸â€â™‚ï¸â¤ï¸,à¤œà¤¾à¤¸à¥‚à¤¸à¥€ à¤®à¥‡à¤‚ à¤­à¥€ à¤¦à¤¿à¤² à¤•à¥€ à¤¬à¤¾à¤¤ ğŸ•µï¸â€â™‚ï¸â¤ï¸
Shaggy,Velma,Sandwiches y teorÃ­as conspirativas ğŸ¥ªğŸ•µï¸â€â™‚ï¸,Un duo qui rÃ©sout les crimes (et les cÅ“urs) ğŸ¥ªğŸ”,Snack und SpÃ¼rsinn im Liebesmodus ğŸ¥ªğŸ”,Scooby Snack e sospetti romantici ğŸ¥ªğŸ”,Lanches e suspeitas romÃ¢nticas ğŸ¥ªğŸ”,Ğ—Ğ°ĞºÑƒÑĞºĞ¸ Ğ¸ Ñ€Ğ°ÑÑĞ»ĞµĞ´Ğ¾Ğ²Ğ°Ğ½Ğ¸Ñ ğŸ¥ªğŸ”,é›¶é£Ÿä¸å«Œç–‘äºº ğŸ¥ªğŸ”,ã‚µãƒ³ãƒ‰ã‚¤ãƒƒãƒã¨ã‚¹ãƒ‘ã‚¤ã”ã£ã“ ğŸ¥ªğŸ”,Ø´Ø·Ø§Ø¦Ø± ÙˆØªØ­Ù‚ÙŠÙ‚Ø§Øª Ø±ÙˆÙ…Ø§Ù†Ø³ÙŠØ© ğŸ¥ªğŸ”,à¤¸à¥à¤¨à¥ˆà¤•à¥à¤¸ à¤”à¤° à¤¸à¤¸à¥à¤ªà¥‡à¤‚à¤¸ à¤•à¤¾ à¤²à¤µ à¤•à¥‰à¤®à¥à¤¬à¥‹ ğŸ¥ªğŸ”
Mario,Luigi,Hermanos fontaneros unidos por la aventura ğŸ”§â¤ï¸,FrÃ¨res pour sauver la princesse et le Wi-Fi ğŸ”§ğŸ‘¬,"BrÃ¼der, die das Abenteuer meistern ğŸ”§ğŸ‘¬",Fratelli uniti da tubi e principesse ğŸ”§ğŸ‘¬,IrmÃ£os encanadores em missÃ£o de resgate ğŸ”§ğŸ‘¬,Ğ‘Ñ€Ğ°Ñ‚ÑŒÑ ÑĞ°Ğ½Ñ‚ĞµÑ…Ğ½Ğ¸ĞºĞ¸ Ğ¸ Ğ¼Ğ¸ÑÑĞ¸Ñ ÑĞµÑ€Ğ´Ñ†Ğ° ğŸ”§ğŸ‘¬,å…„å¼Ÿæ‰“æ€ªæ•‘å…¬ä¸» ğŸ”§ğŸ‘¬,é…ç®¡å…„å¼Ÿã®æ‹ã¨å†’é™º ğŸ”§ğŸ‘¬,Ø£Ø¨Ø·Ø§Ù„ Ø§Ù„Ù…ÙˆØ§Ø³ÙŠØ± ÙÙŠ Ù…Ù‡Ù…Ø© Ø­Ø¨ ğŸ”§ğŸ‘¬,à¤ªà¥à¤²à¤‚à¤¬à¤° à¤­à¤¾à¤‡à¤¯à¥‹à¤‚ à¤•à¥€ à¤°à¥‡à¤¸à¥à¤•à¥à¤¯à¥‚ à¤²à¤µ à¤¸à¥à¤Ÿà¥‹à¤°à¥€ ğŸ”§ğŸ‘¬
Phineas,Ferb,Una mente y media... con inventos locos ğŸ§ ğŸ”©,"Un cerveau, une frite et beaucoup de gÃ©nie ğŸ§ âš¡",Genie + Wahnsinn = Disney-Bromance ğŸ§ ğŸ’¡,Genio creativo con tanto cuore ğŸ§ ğŸ’¡,Criatividade e amizade animada ğŸ§ ğŸ’¡,"Ğ“ĞµĞ½Ğ¸Ğ¹, Ğ²ĞµÑĞµĞ»ÑŒĞµ Ğ¸ Ğ¼Ğ½Ğ¾Ğ³Ğ¾ Ğ¸Ğ·Ğ¾Ğ±Ñ€ĞµÑ‚ĞµĞ½Ğ¸Ğ¹ ğŸ§ ğŸ’¡",å‘æ˜+å‹æƒ…=åŠ¨ç”»ç»å…¸ ğŸ§ ğŸ’¡,ç™ºæ˜Ã—å‹æƒ…ï¼æ„Ÿå‹•ã‚¢ãƒ‹ãƒ¡ ğŸ§ ğŸ’¡,Ø¥Ø¨Ø¯Ø§Ø¹ ÙˆØµØ¯Ø§Ù‚Ø© Ù„Ø§ ØªÙÙ†Ø³Ù‰ ğŸ§ ğŸ’¡,"à¤¦à¤¿à¤®à¤¾à¤—, à¤¦à¥‹à¤¸à¥à¤¤à¥€ à¤”à¤° à¤•à¤¾à¤°à¥à¤Ÿà¥‚à¤¨ à¤®à¥ˆà¤œà¤¿à¤• ğŸ§ ğŸ’¡"
Voldemort,Harry Potter,El odio mÃ¡s mÃ¡gico de todos los tiempos ğŸª„ğŸ˜ˆâ¤ï¸,Haine magique et tension lÃ©gendaire ğŸ§™â€â™‚ï¸ğŸ’¥,Zauberhafte Feindschaft deluxe ğŸ§™â€â™‚ï¸âš¡,Magia nera e tensione eterna ğŸ§™â€â™‚ï¸âš¡,"Inimigos mÃ¡gicos, tensÃ£o real ğŸ§™â€â™‚ï¸âš¡",Ğ’Ğ¾Ğ»ÑˆĞµĞ±Ğ½Ğ°Ñ Ğ½ĞµĞ½Ğ°Ğ²Ğ¸ÑÑ‚ÑŒ Ğ²Ñ‹ÑÑˆĞµĞ³Ğ¾ ÑƒÑ€Ğ¾Ğ²Ğ½Ñ ğŸ§™â€â™‚ï¸âš¡,é­”æ³•ç•Œæœ€æ¯’CP ğŸ§™â€â™‚ï¸âš¡,é­”æ³•ç•Œã®ç¦æ–­ã®æ„› ğŸ§™â€â™‚ï¸âš¡,ÙƒØ±Ø§Ù‡ÙŠØ© Ø³Ø­Ø±ÙŠØ©... ÙˆÙÙŠÙ‡Ø§ Ù…Ø´Ø§Ø¹Ø±ØŸ ğŸ§™â€â™‚ï¸âš¡,à¤œà¤¾à¤¦à¥à¤ˆ à¤¨à¤«à¤°à¤¤... à¤œà¤¿à¤¸à¤®à¥‡à¤‚ à¤ªà¥à¤¯à¤¾à¤° à¤­à¥€ à¤¹à¥ˆ? ğŸ§™â€â™‚ï¸âš¡
Dumbledore,Grindelwald,Magia prohibida y un pasado compartido ğŸ§™â€â™‚ï¸ğŸ”¥,Une magie aussi sombre que leur passÃ© âœ¨ğŸ”¥,"Dunkle Magie, helles Herz? Vielleicht ğŸ”®ğŸ”¥","Maghi, ricordi e amori oscuri ğŸ”®ğŸ”¥",Magia sombria com passado intenso ğŸ”®ğŸ”¥,Ğ¢ĞµĞ¼Ğ½Ğ°Ñ Ğ¼Ğ°Ğ³Ğ¸Ñ Ğ¸ ÑĞ²ĞµÑ‚Ğ»Ñ‹Ğµ Ñ‡ÑƒĞ²ÑÑ‚Ğ²Ğ° ğŸ”®ğŸ”¥,ç¦å¿Œé­”æ³•ä¸æ—§çˆ± ğŸ”®ğŸ”¥,æ˜”ã®ç«èŠ±ãŒä»Šã‚‚ç‡ƒãˆã‚‹ ğŸ”®ğŸ”¥,Ù‚ÙˆÙ‰ Ù…Ø¸Ù„Ù…Ø©... ÙˆÙ…Ø§Ø¶Ù Ù…Ø¤Ù„Ù… ğŸ”®ğŸ”¥,"à¤ªà¥à¤°à¤¾à¤¨à¥€ à¤¦à¥‹à¤¸à¥à¤¤à¥€, à¤—à¤¹à¤°à¥‡ à¤°à¤¾à¤œà¤¼ ğŸ”®ğŸ”¥"
Gandalf,Saruman,"Cuando los bastones brillan, tambiÃ©n los sentimientos âœ¨ğŸ§™â€â™‚ï¸",Un glow-up Ã©pique Ã  coups de bÃ¢tons magiques âœ¨ğŸ§™â€â™‚ï¸,StÃ¤be hoch fÃ¼r diese epische Bromance âœ¨ğŸ§™â€â™‚ï¸,Una saga di barbuti e potere âœ¨ğŸ§™â€â™‚ï¸,"Barbas, feitiÃ§os e poder âœ¨ğŸ§™â€â™‚ï¸","ĞŸĞ¾ÑĞ¾Ñ…Ğ¸, ÑĞ¿Ğ¸Ñ‡Ğ½Ğ¾ÑÑ‚ÑŒ Ğ¸ ÑĞµĞ´Ñ‹Ğµ Ğ±Ğ¾Ñ€Ğ¾Ğ´Ñ‹ âœ¨ğŸ§™â€â™‚ï¸",æ³•æ–ç¢°æ’ï¼Œå‹æƒ…é‡ç‡ƒ âœ¨ğŸ§™â€â™‚ï¸,æ–ãƒãƒˆãƒ«ã§å†ç‡ƒã™ã‚‹å‹æƒ… âœ¨ğŸ§™â€â™‚ï¸,Ø¹ØµÙŠÙ‘ Ø³Ø­Ø±ÙŠØ© ÙˆØ°ÙƒØ±ÙŠØ§Øª Ù…ØªØ£Ø¬Ø¬Ø© âœ¨ğŸ§™â€â™‚ï¸,"à¤¡à¤‚à¤¡à¥‹à¤‚ à¤•à¥€ à¤²à¤¡à¤¼à¤¾à¤ˆ, à¤¦à¤¿à¤²à¥‹à¤‚ à¤•à¥€ à¤•à¤¹à¤¾à¤¨à¥€ âœ¨ğŸ§™â€â™‚ï¸"
Frodo,Sam,Un viaje al corazÃ³n del anillo ğŸ’ğŸ‘£,Un lien prÃ©cieux... et trÃ¨s poilu ğŸ’ğŸ‘£,"Ein Ring, zwei Seelen, viele Emotionen ğŸ’ğŸ‘£",Un viaggio lungo e romantico fino a Mordor ğŸ’ğŸ‘£,Uma jornada Ã©pica de amizade ğŸ’ğŸ‘£,Ğ”Ñ€ÑƒĞ¶Ğ±Ğ° Ğ¸ Ğ»ÑĞ±Ğ¾Ğ²ÑŒ Ğ´Ğ¾ ĞœĞ¾Ñ€Ğ´Ğ¾Ñ€Ğ° Ğ¸ Ğ¾Ğ±Ñ€Ğ°Ñ‚Ğ½Ğ¾ ğŸ’ğŸ‘£,å‹æƒ…æ»¡çº§ï¼Œç›´è¾¾é­”å¤š ğŸ’ğŸ‘£,ãƒ¢ãƒ«ãƒ‰ãƒ¼ãƒ«ã¾ã§å‹æƒ…ãƒ•ãƒ«ãƒ‘ãƒ¯ãƒ¼ ğŸ’ğŸ‘£,ØµØ¯Ø§Ù‚Ø© ØªØ¶ÙŠØ¡ Ø§Ù„Ø·Ø±ÙŠÙ‚ Ø¥Ù„Ù‰ Ù…ÙˆØ±Ø¯ÙˆØ± ğŸ’ğŸ‘£,à¤®à¥‰à¤°à¥à¤¡à¥‹à¤° à¤¤à¤• à¤•à¥€ à¤¦à¥‹à¤¸à¥à¤¤à¥€ ğŸ’ğŸ‘£
Geralt,Yennefer,"Espadas, monstruos y deseo ğŸ’˜âš”ï¸","Monstres, potions et une sorciÃ¨re canon âš”ï¸ğŸ’‹","Monster, Magie und heiÃŸe NÃ¤chte âš”ï¸ğŸ”¥","Mostri, pozioni e passione âš”ï¸â¤ï¸","Magia, monstros e beijos ğŸ”¥âš”ï¸","ĞœĞ¾Ğ½ÑÑ‚Ñ€Ñ‹, Ğ·Ğ°ĞºĞ»Ğ¸Ğ½Ğ°Ğ½Ğ¸Ñ Ğ¸ Ğ¿Ğ¾Ñ†ĞµĞ»ÑƒĞ¸ âš”ï¸ğŸ”¥",æ€ªç‰©çŒäººä¹Ÿè°ˆæ‹çˆ± âš”ï¸ğŸ”¥,é­”ç‰©ã‚‚å€’ã™ã‘ã©ã€ã‚­ã‚¹ã‚‚ã™ã‚‹ âš”ï¸ğŸ”¥,ÙˆØ­ÙˆØ´ ÙˆØ¹ÙˆØ§Ø·Ù ÙˆØ¬Ø§Ø°Ø¨ÙŠØ© âš”ï¸ğŸ”¥,à¤®à¥‰à¤¨à¥à¤¸à¥à¤Ÿà¤° à¤¶à¤¿à¤•à¤¾à¤° à¤”à¤° à¤°à¥‹à¤®à¤¾à¤‚à¤¸ âš”ï¸ğŸ”¥
Wanda Maximoff,Vision,"Magia roja, amor con visiÃ³n futura ğŸ”®ğŸ’”",Pouvoir cosmique et amour tragique ğŸ”®ğŸ’”,Superkraft trifft auf Superherz ğŸ”®ğŸ’”,Visioni dâ€™amore (e distruzione) ğŸ’”ğŸ”®,Amor visionÃ¡rio e trÃ¡gico ğŸ’”ğŸ”®,Ğ’Ğ¸Ğ´ĞµĞ½Ğ¸Ñ Ğ»ÑĞ±Ğ²Ğ¸ Ğ¸ Ñ‚Ñ€Ğ°Ğ³ĞµĞ´Ğ¸Ğ¸ ğŸ’”ğŸ”®,å¹»è§‰é‡Œçš„çœŸæƒ… ğŸ’”ğŸ”®,æœªæ¥è¦–ã¨æ‚²æ‹ã®ã¯ã–ã¾ ğŸ’”ğŸ”®,Ø­Ø¨ ÙÙŠ Ø¹ÙˆØ§Ù„Ù… Ø§Ù„Ø±Ø¤ÙŠØ© ÙˆØ§Ù„Ù‚Ø¯Ø± ğŸ’”ğŸ”®,à¤­à¤µà¤¿à¤·à¥à¤¯ à¤”à¤° à¤¦à¤¿à¤² à¤•à¤¾ à¤•à¤¨à¥‡à¤•à¥à¤¶à¤¨ ğŸ’”ğŸ”®
Loki,Thor,"Hermandad caÃ³tica, estilo nÃ³rdico âš¡ğŸ˜ˆ",Un amour fraternel aussi chaotique que mythique âš¡ğŸ˜ˆ,"BrÃ¼derlich, gÃ¶ttlich, total chaotisch âš¡ğŸ˜ˆ","Fratelli, caos e magia nordica âš¡ğŸ˜ˆ",IrmÃ£os de trovÃ£o e confusÃ£o âš¡ğŸ˜ˆ,"Ğ‘Ñ€Ğ°Ñ‚ÑŒÑ, Ğ³Ñ€Ğ¾Ğ¼ Ğ¸ Ñ…Ğ°Ğ¾Ñ âš¡ğŸ˜ˆ",åŒ—æ¬§æ··ä¹±å…„å¼Ÿæƒ… âš¡ğŸ˜ˆ,ç¥ã®å…„å¼ŸãŒæš´èµ°ä¸­ âš¡ğŸ˜ˆ,Ø£Ø®ÙˆØ© Ø¥Ù„Ù‡ÙŠØ© Ã— ÙÙˆØ¶Ù‰ Ø£Ø³Ø·ÙˆØ±ÙŠØ© âš¡ğŸ˜ˆ,à¤¥à¤‚à¤¡à¤° à¤¬à¥à¤°à¤¦à¤°à¥à¤¸ à¤•à¥€ à¤¬à¥à¤²à¤¾à¤¸à¥à¤Ÿà¤¿à¤‚à¤— à¤•à¥‡à¤®à¤¿à¤¸à¥à¤Ÿà¥à¤°à¥€ âš¡ğŸ˜ˆ
Hermione,Ron,Biblioteca + escÃ¡ndalo escolar = OTP ğŸ“šğŸ”¥,Livres ouverts et jalousie discrÃ¨te ğŸ“šğŸ’˜,Hauspunkte fÃ¼r Liebe ğŸ“šğŸ’˜,Un amore tra i banchi e le bacchette ğŸ“šğŸ’˜,"Livros, magia e primeiro amor ğŸ“šğŸ’˜",Ğ›ÑĞ±Ğ¾Ğ²ÑŒ Ğ¸Ğ· Ğ±Ğ¸Ğ±Ğ»Ğ¸Ğ¾Ñ‚ĞµĞºĞ¸ Ğ¥Ğ¾Ğ³Ğ²Ğ°Ñ€Ñ‚ÑĞ° ğŸ“šğŸ’˜,ä¹¦å‘†å­çš„æ ¡å›­åˆæ‹ ğŸ“šğŸ’˜,å›³æ›¸é¤¨ãƒ©ãƒ–ã€ãƒãƒ¼ãƒã‚¤ã‚ªãƒ‹ãƒ¼ç·¨ ğŸ“šğŸ’˜,Ø­Ø¨ ÙÙŠ Ù‚Ø§Ø¹Ø© Ø§Ù„Ø¯Ø±Ø§Ø³Ø© ÙˆÙ‚Ø§Ø¹Ø© Ø§Ù„Ø³Ø­Ø± ğŸ“šğŸ’˜,à¤²à¤¾à¤‡à¤¬à¥à¤°à¥‡à¤°à¥€ à¤²à¤µ à¤”à¤° à¤œà¤¾à¤¦à¥‚ ğŸ“šğŸ’˜
Batman,Superman,"Choques de capas, con amor incluido ğŸ¦‡â¤ï¸ğŸ¦¸",Capes croisÃ©es et cÅ“urs divisÃ©s ğŸ¦¸â€â™‚ï¸â¤ï¸ğŸ¦‡,Cape-Overload mit emotionaler Ladung ğŸ¦¸â€â™‚ï¸ğŸ¦‡â¤ï¸,"Capes, conflitti e cuori divisi ğŸ¦‡ğŸ¦¸â¤ï¸","Capas, brigas e dilemas morais ğŸ¦‡ğŸ¦¸â¤ï¸","ĞšĞ°Ğ¿Ñ‹, Ğ±Ğ¸Ñ‚Ğ²Ñ‹ Ğ¸ Ğ´Ğ¸Ğ»ĞµĞ¼Ğ¼Ñ‹ ğŸ¦‡ğŸ¦¸â¤ï¸",æŠ«é£è‹±é›„çš„å¿ƒåŠ¨æ—¶åˆ» ğŸ¦‡ğŸ¦¸â¤ï¸,ãƒ’ãƒ¼ãƒ­ãƒ¼åŒå£«ã®è¤‡é›‘ãªé–¢ä¿‚ ğŸ¦‡ğŸ¦¸â¤ï¸,ØµØ±Ø§Ø¹ Ø§Ù„Ø£Ø¨Ø·Ø§Ù„ ÙˆØ§Ù„Ø¹ÙˆØ§Ø·Ù ğŸ¦‡ğŸ¦¸â¤ï¸,"à¤¹à¥€à¤°à¥‹à¤œà¤¼ à¤•à¥€ à¤²à¤¡à¤¼à¤¾à¤ˆ, à¤ªà¥à¤¯à¤¾à¤° à¤•à¥‡ à¤²à¤¿à¤ ğŸ¦‡ğŸ¦¸â¤ï¸"
Spider-Man,Deadpool,El team-up mÃ¡s improbable del multiverso ğŸ•·ï¸ğŸ˜,Lâ€™improbable duo le plus fun du multivers ğŸ•·ï¸ğŸ˜œ,Das verrÃ¼ckteste Bromance-Match im Multiversum ğŸ•·ï¸ğŸ˜†,Lâ€™unione piÃ¹ assurda del multiverso ğŸ•·ï¸ğŸ˜†,Parceria improvÃ¡vel com piadas infinitas ğŸ•·ï¸ğŸ˜†,ĞĞ±ÑÑƒÑ€Ğ´Ğ½Ñ‹Ğ¹ Ğ´ÑƒÑÑ‚ Ñ Ğ¿Ğ°ÑƒÑ‚Ğ¸Ğ½Ğ¾Ğ¹ ÑĞ¼Ğ¾Ñ€Ğ° ğŸ•·ï¸ğŸ˜†,æœ€æ— æ³•æƒ³è±¡çš„ç»„åˆ ğŸ•·ï¸ğŸ˜†,ä¸–ç•Œç·šã‚’è¶…ãˆãŸå‡¸å‡¹ã‚«ãƒƒãƒ—ãƒ« ğŸ•·ï¸ğŸ˜†,Ø£ØºØ±Ø¨ Ø«Ù†Ø§Ø¦ÙŠ ÙÙŠ Ø§Ù„ÙƒÙˆÙ† ğŸ•·ï¸ğŸ˜†,à¤¸à¤¬à¤¸à¥‡ à¤…à¤œà¥€à¤¬ à¤²à¥‡à¤•à¤¿à¤¨ à¤ªà¥à¤¯à¤¾à¤°à¤¾ à¤ªà¥‡à¤¯à¤° ğŸ•·ï¸ğŸ˜†
Drake,Rihanna,Amor de altos vuelos... y charts ğŸ“ˆğŸ¤,"SuccÃ¨s, rumeurs et refrains en boucle ğŸ§ğŸ”¥","Charts, Flammen und sÃ¼ÃŸe Vibes ğŸ¶ğŸ”¥",Rime e passione nella top chart ğŸ¤ğŸ”¥,"Ritmo, hits e romance ğŸ”¥ğŸ¤",Ğ‘Ğ¸Ñ‚Ñ‹ Ğ¸ Ñ‡ÑƒĞ²ÑÑ‚Ğ²Ğ° Ğ½Ğ° Ğ¿ĞµÑ€Ğ²Ğ¾Ğ¼ Ğ¼ĞµÑÑ‚Ğµ ğŸ¤ğŸ”¥,èŠ‚å¥çƒ­æ‹ ğŸ”¥ğŸ¤,ãƒ“ãƒ¼ãƒˆã‚‚æ„›ã‚‚ãƒˆãƒƒãƒ—ãƒãƒ£ãƒ¼ãƒˆ ğŸ¤ğŸ”¥,Ø¥ÙŠÙ‚Ø§Ø¹ Ø³Ø§Ø®Ù† Ã— Ù…Ø´Ø§Ø¹Ø± Ù…Ø´ØªØ¹Ù„Ø© ğŸ¤ğŸ”¥,à¤¬à¥€à¤Ÿà¥à¤¸ à¤”à¤° à¤¦à¤¿à¤² à¤•à¥€ à¤§à¤¡à¤¼à¤•à¤¨à¥‡à¤‚ ğŸ¤ğŸ”¥
Cardi B,Offset,"Trap, drama y anillos ğŸ’ğŸ¤",Trap et clash version couple ğŸ’¥ğŸ¤,"Laut, liebevoll, luxuriÃ¶s ğŸ’ğŸ¤",Trap + love = drama assicurato ğŸ’£ğŸ¶,Casal barulhento e apaixonado ğŸ’¥ğŸ¶,"Ğ¡ĞºĞ°Ğ½Ğ´Ğ°Ğ»Ñ‹, ÑÑ‚Ñ€Ğ°ÑÑ‚ÑŒ Ğ¸ Ğ·Ğ¾Ğ»Ğ¾Ñ‚Ğ¾ ğŸ’ğŸ¶",åµæ¶+äº²å»=ä»–ä»¬æ—¥å¸¸ ğŸ’¥ğŸ¶,ã†ã‚‹ã•ãã¦ç†±ã„ã‚«ãƒƒãƒ—ãƒ« ğŸ’¥ğŸ¶,Ø¶ÙˆØ¶Ø§Ø¡ ÙˆØ­Ø¨ ÙˆØ£Ø³Ù„ÙˆØ¨ ğŸ’¥ğŸ¶,"à¤¶à¥‹à¤°, à¤¸à¤¾à¤œà¤¼ à¤”à¤° à¤¸à¤šà¥à¤šà¤¾ à¤ªà¥à¤¯à¤¾à¤° ğŸ’¥ğŸ¶"
BTS Jungkook,Lisa BLACKPINK,Pop asiÃ¡tico al 100% ğŸŒ¸ğŸ¶,Le K-pop date dont tout le monde rÃªve ğŸŒ¸ğŸ¶,K-Pop Power-Crush ğŸ’•ğŸ¶,Pop e dolcezza K-style ğŸŒ¸ğŸ¶,Amor Ã  moda K-pop ğŸŒ¸ğŸ¶,Ğ˜Ğ´ĞµĞ°Ğ»ÑŒĞ½Ñ‹Ğ¹ ĞºĞµĞ¹-Ğ¿Ğ¾Ğ¿ ĞºÑ€Ğ°Ñˆ ğŸŒ¸ğŸ¶,K-popæ¢¦å¹»é…å¯¹ ğŸŒ¸ğŸ¶,K-POPç•Œã®å¤¢ã‚«ãƒƒãƒ—ãƒ« ğŸŒ¸ğŸ¶,Ø«Ù†Ø§Ø¦ÙŠ Ø§Ù„Ø­ÙÙ„Ù… ÙÙŠ Ø§Ù„ÙƒÙŠØ¨ÙˆØ¨ ğŸŒ¸ğŸ¶,K-POP à¤«à¥ˆà¤‚à¤Ÿà¥‡à¤¸à¥€ à¤•à¤ªà¤² ğŸŒ¸ğŸ¶
Olivia Rodrigo,Joshua Bassett,"Canciones tristes, finales trÃ¡gicos ğŸ¶ğŸ’”",Un drama en trois actes et une chanson triste ğŸ¶ğŸ’”,Herzensdrama mit Soundtrack ğŸµğŸ’”,Un cuore spezzato con colonna sonora ğŸ¶ğŸ’”,Drama amoroso com trilha sonora ğŸ¶ğŸ’”,ĞŸĞµÑĞ½Ñ Ñ Ğ¿Ñ€Ğ¸Ğ²ĞºÑƒÑĞ¾Ğ¼ Ñ€Ğ°Ğ·Ğ±Ğ¸Ñ‚Ğ¾Ğ³Ğ¾ ÑĞµÑ€Ğ´Ñ†Ğ° ğŸ¶ğŸ’”,éŸ³ä¹å‰§å¼çš„æ‹çˆ± ğŸ¶ğŸ’”,ãƒãƒ©ãƒ¼ãƒ‰ã®ã‚ˆã†ãªæ‹ ğŸ¶ğŸ’”,Ø­ÙØ¨ Ù…ÙØºÙ†Ù‰ Ø¹Ù„Ù‰ Ù„Ø­Ù† Ø§Ù„ÙØ±Ø§Ù‚ ğŸ¶ğŸ’”,à¤¸à¥ˆà¤¡ à¤¸à¥‰à¤¨à¥à¤— à¤µà¤¾à¤²à¤¾ à¤°à¤¿à¤¶à¥à¤¤à¤¾ ğŸ¶ğŸ’”
Dua Lipa,Jack Harlow,Dua + Harlow = quÃ­mica inesperada ğŸ’„ğŸ§,La surprise TikTok du tapis rouge ğŸ’„ğŸ§,TikTok-Flirt mit Star-Ambitionen ğŸ’„ğŸ“±,Coppia a sorpresa... firmata TikTok ğŸ’„ğŸ“±,Match inesperado no TikTok ğŸ’„ğŸ“±,Ğ¢Ğ¸ĞºÑ‚Ğ¾Ğº-Ñ€Ğ¾Ğ¼Ğ°Ğ½ Ğ² ÑÑ‚Ğ¸Ğ»Ğµ Ğ½ĞµĞ¾Ğ¶Ğ¸Ğ´Ğ°Ğ½Ğ½Ğ¾ÑÑ‚Ğ¸ ğŸ’„ğŸ“±,TikTokçˆ†æ¬¾æ‹æƒ… ğŸ’„ğŸ“±,TikTokã§æ€¥ä¸Šæ˜‡ ğŸ’„ğŸ“±,Ø¹Ù„Ø§Ù‚Ø© Ù…Ù† ØªÙŠÙƒ ØªÙˆÙƒ Ø¥Ù„Ù‰ Ø§Ù„Ù‚Ù„Ø¨ ğŸ’„ğŸ“±,à¤Ÿà¤¿à¤•à¤Ÿà¥‰à¤• à¤¸à¥‡ à¤¨à¤¿à¤•à¤²à¤¾ à¤Ÿà¥à¤µà¤¿à¤¸à¥à¤Ÿ ğŸ’„ğŸ“±
Shawn Mendes,Camila Cabello,Un match hecho en TikTok y Toronto ğŸ“±â¤ï¸,"Des balades, des likes et des ruptures ğŸ“±â¤ï¸",Toronto trifft auf Teen-Love ğŸ“±ğŸ’˜,"Like, DM e cuori a distanza ğŸ“±ğŸ’˜","Mensagens, likes e saudade ğŸ“±ğŸ’˜","Ğ¡Ğ¾Ğ¾Ğ±Ñ‰ĞµĞ½Ğ¸Ñ, Ğ»Ğ°Ğ¹ĞºĞ¸ Ğ¸ Ñ€Ğ°ÑÑÑ‚Ğ¾ÑĞ½Ğ¸Ñ ğŸ“±ğŸ’˜",éš”ç€å±å¹•çš„å¿ƒåŠ¨ ğŸ“±ğŸ’˜,SNSè¶Šã—ã®ãƒ©ãƒ–ã‚¹ãƒˆãƒ¼ãƒªãƒ¼ ğŸ“±ğŸ’˜,Ø±Ø³Ø§Ø¦Ù„ØŒ Ø¥Ø¹Ø¬Ø§Ø¨Ø§ØªØŒ ÙˆÙ…Ø´Ø§Ø¹Ø± ğŸ“±ğŸ’˜,à¤²à¤¾à¤‡à¤•à¥à¤¸ à¤•à¥‡ à¤ªà¤¾à¤° à¤µà¤¾à¤²à¤¾ à¤ªà¥à¤¯à¤¾à¤° ğŸ“±ğŸ’˜
MrBeast,Chandler,Millonarios con bromance legendario ğŸ’°ğŸ˜‚,Meilleurs amis millionnaires en mission ğŸ’µğŸ˜‚,Money + Memes = Bromance ğŸ’°ğŸ˜‚,Milioni e risate assicurate ğŸ’°ğŸ˜‚,"MilhÃµes, memes e lealdade ğŸ’°ğŸ˜‚","ĞœĞ¸Ğ»Ğ»Ğ¸Ğ¾Ğ½Ñ‹, Ğ¼ĞµĞ¼Ñ‹ Ğ¸ Ğ½Ğ°ÑÑ‚Ğ¾ÑÑ‰Ğ°Ñ Ğ´Ñ€ÑƒĞ¶Ğ±Ğ° ğŸ’°ğŸ˜‚",äº¿ä¸‡è®¢é˜…+çœŸå‹æƒ… ğŸ’°ğŸ˜‚,å„„å†ç”Ÿãƒ–ãƒ­ãƒãƒ³ã‚¹ ğŸ’°ğŸ˜‚,Ø£ØµØ¯Ù‚Ø§Ø¡ ÙˆÙ…Ù„Ø§ÙŠÙŠÙ† ÙˆØ¬Ù†ÙˆÙ† ğŸ’°ğŸ˜‚,à¤®à¤¿à¤²à¤¿à¤¯à¤¨à¥à¤¸ à¤•à¥‡ à¤¸à¤¾à¤¥ à¤¬à¥à¤°à¥‹à¤®à¤¾à¤‚à¤¸ ğŸ’°ğŸ˜‚
Logan Paul,Jake Paul,"GenÃ©tica, polÃ©mica y suscripciÃ³n ğŸ’‰ğŸ“¹","ADN partagÃ©, drama multipliÃ© ğŸ§¬ğŸ’£","BrÃ¼derlich, laut, unmÃ¶glich zu ignorieren ğŸ’£ğŸ§¬",Dramma familiare in diretta mondiale ğŸ’¥ğŸ§¬,"Drama em famÃ­lia, estilo YouTube ğŸ’£ğŸ§¬","Ğ‘Ñ€Ğ°Ñ‚ÑŒÑ, Ñ…Ğ°Ğ¹Ğ¿ Ğ¸ ÑÑĞ¾Ñ€Ñ‹ Ğ² Ğ¿Ñ€ÑĞ¼Ğ¾Ğ¼ ÑÑ„Ğ¸Ñ€Ğµ ğŸ’¥ğŸ§¬",å…„å¼Ÿä¹Ÿèƒ½åˆ¶é€ é£æš´ ğŸ’£ğŸ§¬,å…„å¼Ÿã‚²ãƒ³ã‚«ã¯ä¸–ç•Œé…ä¿¡ ğŸ’£ğŸ§¬,Ø¯Ø±Ø§Ù…Ø§ Ø¹Ø§Ø¦Ù„ÙŠØ© Ø¨Ø¨Ø« Ù…Ø¨Ø§Ø´Ø± ğŸ’£ğŸ§¬,à¤­à¤¾à¤ˆà¤šà¤¾à¤°à¤¾ à¤”à¤° à¤¡à¥à¤°à¤¾à¤®à¤¾ à¤‘à¤¨ à¤à¤¯à¤° ğŸ’£ğŸ§¬
Dream,GeorgeNotFound,SueÃ±os compartidos en Minecraft ğŸ›ï¸ğŸŒ,"Minecraft, potins et pixels amoureux ğŸ®â¤ï¸","BlÃ¶cke bauen, Herzen stehlen ğŸ®ğŸ’˜",Minecraft + sentimento = vero amore ğŸ®ğŸ’˜,Construindo blocos e relaÃ§Ãµes ğŸ®ğŸ’˜,"Ğ‘Ğ»Ğ¾ĞºĞ¸, ÑÑ‚Ñ€Ğ¸Ğ¼Ñ‹ Ğ¸ Ğ»ÑĞ±Ğ¾Ğ²ÑŒ ğŸ®ğŸ’˜",ä»æ–¹å—åˆ°å¿ƒè·³ ğŸ®ğŸ’˜,ãƒ–ãƒ­ãƒƒã‚¯ã‹ã‚‰å§‹ã¾ã‚‹æ‹ ğŸ®ğŸ’˜,Ø­ÙØ¨ ÙÙŠ Ø¹Ø§Ù„Ù… Ø§Ù„Ù…ÙƒØ¹Ø¨Ø§Øª ğŸ®ğŸ’˜,à¤¬à¥à¤²à¥‰à¤•à¥à¤¸ à¤¸à¥‡ à¤¶à¥à¤°à¥‚ à¤¹à¥à¤† à¤²à¤µ ğŸ®ğŸ’˜
Charli D'Amelio,Lil Huddy,Baile y drama en 15 segundos ğŸ’ƒğŸ­,"Danses, regards et stories supprimÃ©es ğŸ’ƒğŸ“¸","Lippen, Likes und Love-Stories ğŸ’ƒğŸ“¸","Balli, post e tanto drama ğŸ’ƒğŸ“¸","DanÃ§a, drama e curtidas ğŸ’ƒğŸ“¸","Ğ¢Ğ°Ğ½Ñ†Ñ‹, Ğ´Ñ€Ğ°Ğ¼Ñ‹ Ğ¸ ÑÑ‚Ğ¾Ñ€Ğ¸Ñ ğŸ’ƒğŸ“¸",è·³èˆã€åµæ¶ã€ç‚¹èµ ğŸ’ƒğŸ“¸,è¸Šã£ã¦æ³£ã„ã¦ãƒã‚ºã‚‹æ‹ ğŸ’ƒğŸ“¸,Ø±Ù‚Øµ ÙˆØ¯Ø±Ø§Ù…Ø§ ÙˆØ¥Ø¹Ø¬Ø§Ø¨Ø§Øª ğŸ’ƒğŸ“¸,"à¤¡à¤¾à¤‚à¤¸, à¤¡à¥à¤°à¤¾à¤®à¤¾ à¤”à¤° à¤¦à¤¿à¤² ğŸ’ƒğŸ“¸"
Pokimane,xQc,"Streaming, rage y ships digitales ğŸ®ğŸ”¥","Jeux vidÃ©o, flirts et dÃ©bats en direct ğŸ®ğŸ”¥",Rage + Romance im Livestream ğŸ®ğŸ”¥,"Rage, stream e flirt digitali ğŸ®ğŸ”¥","Stream, emoÃ§Ã£o e flirt ao vivo ğŸ®ğŸ”¥","Ğ¤Ğ»Ğ¸Ñ€Ñ‚, ÑÑ€Ğ¾ÑÑ‚ÑŒ Ğ¸ Ğ»Ğ°Ğ¹Ğ²Ñ‹ ğŸ®ğŸ”¥",åœ¨çº¿æ‹çˆ±è¿›è¡Œæ—¶ ğŸ®ğŸ”¥,é…ä¿¡ä¸­ã«æ‹ãŒå§‹ã¾ã‚‹ ğŸ®ğŸ”¥,Ø­Ø¨ Ù…Ø¨Ø§Ø´Ø± Ø¹Ù„Ù‰ Ø§Ù„Ù‡ÙˆØ§Ø¡ ğŸ®ğŸ”¥,à¤¸à¥à¤Ÿà¥à¤°à¥€à¤®à¤¿à¤‚à¤— à¤®à¥‡à¤‚ à¤­à¥€ à¤¸à¤šà¥à¤šà¤¾ à¤‡à¤¶à¥à¤•à¤¼ ğŸ®ğŸ”¥
Ninja,Tfue,Duelos digitales con headshots de amor ğŸ¯ğŸ’¥,Snipes et crushs en mode Battle Royale ğŸ¯â¤ï¸,"Snipes, Sweats & Schmetterlinge ğŸ¯â¤ï¸",Sparatorie e farfalle nello stomaco ğŸ¯â¤ï¸,Tiros e borboletas no estÃ´mago ğŸ¯â¤ï¸,Ğ’Ñ‹ÑÑ‚Ñ€ĞµĞ»Ñ‹ Ğ¸ Ğ±Ğ°Ğ±Ğ¾Ñ‡ĞºĞ¸ Ğ² Ğ¶Ğ¸Ğ²Ğ¾Ñ‚Ğµ ğŸ¯â¤ï¸,æ¸¸æˆä¸­ä¹Ÿæœ‰å¿ƒè·³ ğŸ¯â¤ï¸,ã‚¹ãƒŠã‚¤ãƒ—ã‚ˆã‚Šãƒ‰ã‚­ãƒ‰ã‚­ ğŸ¯â¤ï¸,Ù‚Ù†Øµ ÙˆÙ‚Ù„ÙˆØ¨ Ù…Ø±ØªØ¬ÙØ© ğŸ¯â¤ï¸,à¤¸à¥à¤¨à¤¾à¤‡à¤ªà¤¿à¤‚à¤— à¤”à¤° à¤¸à¤¨à¤¸à¤¨à¤¾à¤¹à¤Ÿ ğŸ¯â¤ï¸
Valkyrae,Ludwig,Gamer love con micrÃ³fonos cruzados ğŸ™ï¸â¤ï¸,Des streams et des papillons dans le ventre ğŸ™ï¸ğŸ’˜,Controller + Kuscheln? LÃ¤uft ğŸ™ï¸ğŸ’,Love story nata tra un microfono e un controller ğŸ™ï¸ğŸ’,Uma conexÃ£o gamer-romÃ¢ntica ğŸ™ï¸ğŸ’,Ğ¡Ñ‚Ñ€Ğ¸Ğ¼ + Ñ‡ÑƒĞ²ÑÑ‚Ğ²Ğ° = Ğ»ÑĞ±Ğ¾Ğ²ÑŒ ğŸ™ï¸ğŸ’,éº¦å…‹é£+æ„Ÿæƒ…è¾“å‡º ğŸ™ï¸ğŸ’,ãƒã‚¤ã‚¯ã¨æ‹ã®ãƒ€ãƒ–ãƒ«ãƒ—ãƒ¬ã‚¤ ğŸ™ï¸ğŸ’,Ù…ÙŠÙƒØ±ÙˆÙÙˆÙ† + Ù…Ø´Ø§Ø¹Ø± = Ø«Ù†Ø§Ø¦ÙŠ Ù†Ø§Ø±ÙŠ ğŸ™ï¸ğŸ’,à¤®à¤¾à¤‡à¤• + à¤«à¥€à¤²à¤¿à¤‚à¤—à¥à¤¸ = à¤¬à¥‡à¤¸à¥à¤Ÿ à¤œà¥‹à¤¡à¤¼à¥€ ğŸ™ï¸ğŸ’
HasanAbi,AOC,PolÃ­tica y Twitch: una pareja improbable ğŸ—³ï¸ğŸ“¡,Un stream politique qui fait battre les cÅ“urs ğŸ—³ï¸ğŸ’»,Debatten + DMs = Polit-Crush ğŸ’¬ğŸ—³ï¸,"Twitch, politica e cuori in chat ğŸ—³ï¸ğŸ’¬",PaixÃ£o polÃ­tica com filtro ğŸ’¬ğŸ—³ï¸,ĞŸĞ¾Ğ»Ğ¸Ñ‚Ğ¸Ñ‡ĞµÑĞºĞ¸Ğ¹ ÑÑ‚Ñ€Ğ¸Ğ¼ Ñ Ñ€Ğ¾Ğ¼Ğ°Ğ½Ñ‚Ğ¸ĞºĞ¾Ğ¹ ğŸ’¬ğŸ—³ï¸,ç›´æ’­æ”¿æ²»ç§€ä¸­çš„çˆ± ğŸ’¬ğŸ—³ï¸,æ”¿æ²»Ã—é…ä¿¡ï¼ã¾ã•ã‹ã®æ‹ ğŸ’¬ğŸ—³ï¸,Ø³ÙŠØ§Ø³Ø© ÙˆØ¨Ø«... ÙˆØ±ÙˆÙ…Ø§Ù†Ø³ÙŠØ©ØŸ ğŸ’¬ğŸ—³ï¸,à¤°à¤¾à¤œà¤¨à¥€à¤¤à¤¿ à¤”à¤° à¤²à¤¾à¤‡à¤µ à¤²à¤µ ğŸ’¬ğŸ—³ï¸
Khaby Lame,Silence,Silencio viral y likes infinitos ğŸ¤«ğŸ“±,Le roi du silence rencontre la paix virale ğŸ¤ğŸ“²,Stille Liebe in Meme-Form ğŸ¤«ğŸ“±,Il re del silenzio e il regno dei like ğŸ¤«ğŸ“±,SilÃªncio viral e puro carisma ğŸ¤«ğŸ“±,Ğ’Ğ¸Ñ€ÑƒÑĞ½Ğ°Ñ Ñ‚Ğ¸ÑˆĞ¸Ğ½Ğ° Ñ Ñ…Ğ°Ñ€Ğ¸Ğ·Ğ¼Ğ¾Ğ¹ ğŸ¤«ğŸ“±,æ²‰é»˜ä¸­çš„æµé‡ç‹ ğŸ¤«ğŸ“±,æ²ˆé»™ã ã‘ã§ä¸–ç•Œã‚’è™œã« ğŸ¤«ğŸ“±,ØµÙ…Øª Ø£Ø³Ø·ÙˆØ±ÙŠ + ÙƒØ§Ø±ÙŠØ²Ù…Ø§ Ø±Ù‡ÙŠØ¨Ø© ğŸ¤«ğŸ“±,à¤šà¥à¤ªà¥à¤ªà¥€ à¤®à¥‡à¤‚ à¤¸à¤¬à¤¸à¥‡ à¤œà¤¼à¥à¤¯à¤¾à¤¦à¤¾ à¤…à¤¸à¤° ğŸ¤«ğŸ“±
James Charles,Tati Westbrook,"Maquillaje, drama y reconciliaciÃ³n ğŸ’„ğŸ’¥","Make-up, scandales et batailles YouTube ğŸ’„ğŸ”¥","Drama, Lashes und Skandalalarm ğŸ’„ğŸ”¥","Trucco, rotture e video virali ğŸ’„ğŸ”¥","Drama, beleza e treta viral ğŸ’„ğŸ”¥","Ğ¡ÑĞ¾Ñ€Ñ‹, ĞºĞ¾ÑĞ¼ĞµÑ‚Ğ¸ĞºĞ° Ğ¸ YouTube-Ğ´Ñ€Ğ°Ğ¼Ñ‹ ğŸ’„ğŸ”¥",ç¾å¦†æˆ˜äº‰+ç¤¾åª’çˆ†ç‚¸ ğŸ’„ğŸ”¥,ã‚³ã‚¹ãƒ¡ã¨ä¿®ç¾…å ´ã®YouTube ğŸ’„ğŸ”¥,Ù…ÙƒÙŠØ§Ø¬ØŒ Ù…Ø´Ø§ÙƒÙ„ØŒ ÙˆØªÙØ¬ÙŠØ± ØªØ±Ù†Ø¯Ø§Øª ğŸ’„ğŸ”¥,à¤¬à¥à¤¯à¥‚à¤Ÿà¥€ à¤¬à¥à¤²à¤‚à¤¡à¤° à¤”à¤° à¤¯à¥‚à¤Ÿà¥à¤¯à¥‚à¤¬ à¤§à¤®à¤¾à¤•à¤¾ ğŸ’„ğŸ”¥
Blake,Ryan,La pareja mÃ¡s sarcÃ¡stica de Hollywood ğŸ’â€â™€ï¸ğŸ˜,Le couple le plus sarcastique dâ€™Hollywood ğŸ˜ğŸ’«,Das sarkastischste Paar in ganz Hollywood ğŸ˜ğŸ¬,La coppia piÃ¹ sarcastica di Hollywood ğŸ˜ğŸ­,O casal mais sarcÃ¡stico de Hollywood ğŸ˜ğŸ¬,Ğ¡Ğ°Ğ¼Ğ°Ñ ÑĞ°Ñ€ĞºĞ°ÑÑ‚Ğ¸Ñ‡Ğ½Ğ°Ñ Ğ¿Ğ°Ñ€Ğ° Ğ“Ğ¾Ğ»Ğ»Ğ¸Ğ²ÑƒĞ´Ğ° ğŸ˜ğŸ¬,å¥½è±åæœ€æ¯’èˆŒçš„æƒ…ä¾£ ğŸ˜ğŸ¬,ãƒãƒªã‚¦ãƒƒãƒ‰æœ€å¼·ã®æ¯’èˆŒã‚«ãƒƒãƒ—ãƒ« ğŸ˜ğŸ­,Ø£ÙƒØ«Ø± Ø«Ù†Ø§Ø¦ÙŠ Ø³Ø§Ø®Ø± ÙÙŠ Ù‡ÙˆÙ„ÙŠÙˆÙˆØ¯ ğŸ˜ğŸ­,à¤¹à¥‰à¤²à¥€à¤µà¥à¤¡ à¤•à¥€ à¤¸à¤¬à¤¸à¥‡ à¤¤à¤¾à¤¨à¤¾ à¤®à¤¾à¤°à¤¨à¥‡ à¤µà¤¾à¤²à¥€ à¤œà¥‹à¤¡à¤¼à¥€ ğŸ˜ğŸ­
Ross,Rachel,"La pareja que definiÃ³ el 'te amo, pero te odio' ğŸ“ºâ¤ï¸ğŸ˜¡","Le couple Â« je tâ€™aime, moi non plus Â» ğŸ“ºâ¤ï¸ğŸ˜¡",Die legendÃ¤re On-Off-Serie der 90er ğŸ“ºâ¤ï¸ğŸ˜¡,La relazione piÃ¹ tira e molla della TV ğŸ“ºâ¤ï¸ğŸ˜¡,O vai-e-volta mais famoso da TV ğŸ“ºâ¤ï¸ğŸ˜¡,Ğ“Ğ»Ğ°Ğ²Ğ½Ğ°Ñ Ğ´Ñ€Ğ°Ğ¼Ğ° Ğ½ÑƒĞ»ĞµĞ²Ñ‹Ñ… ğŸ“ºâ¤ï¸ğŸ˜¡,ç”µè§†å‰§å²ä¸Šæœ€åå¤æ— å¸¸çš„æ‹çˆ± ğŸ“ºâ¤ï¸ğŸ˜¡,åä½œãƒ‰ãƒ©ãƒã®æ‹ã®æ³¢ ğŸ“ºâ¤ï¸ğŸ˜¡,Ø£ÙƒØ¨Ø± Ø¹Ù„Ø§Ù‚Ø© ØªØ´ØºÙŠÙ„-Ø¥ÙŠÙ‚Ø§Ù ÙÙŠ Ø§Ù„ØªØ§Ø±ÙŠØ® ğŸ“ºâ¤ï¸ğŸ˜¡,à¤Ÿà¥€à¤µà¥€ à¤•à¥€ à¤¸à¤¬à¤¸à¥‡ à¤‘à¤¨-à¤‘à¤« à¤²à¤µ à¤¸à¥à¤Ÿà¥‹à¤°à¥€ ğŸ“ºâ¤ï¸ğŸ˜¡
Watson,Sherlock,"Detectives con quÃ­mica, no solo lÃ³gica ğŸ•µï¸â€â™‚ï¸â¤ï¸","Ã‰nigmes, logique et passion british ğŸ•µï¸â€â™‚ï¸ğŸ’¡",Logik trifft auf Liebeskrimi ğŸ•µï¸â€â™‚ï¸â¤ï¸,Genio e passione nel mondo del mistero ğŸ•µï¸â€â™‚ï¸â¤ï¸,MistÃ©rio e quÃ­mica britÃ¢nica ğŸ•µï¸â€â™‚ï¸â¤ï¸,Ğ˜Ğ½Ñ‚ĞµĞ»Ğ»ĞµĞºÑ‚ + Ñ…Ğ¸Ğ¼Ğ¸Ñ = Ğ±Ñ€Ğ¸Ñ‚Ğ°Ğ½ÑĞºĞ°Ñ ÑÑ‚Ñ€Ğ°ÑÑ‚ÑŒ ğŸ•µï¸â€â™‚ï¸â¤ï¸,ä¾¦æ¢æ­æ¡£ï¼Œå¿ƒä¹Ÿè¿ç€ ğŸ•µï¸â€â™‚ï¸â¤ï¸,åæ¢åµåŒå£«ã®å¿ƒã®çµ† ğŸ•µï¸â€â™‚ï¸â¤ï¸,Ø°ÙƒØ§Ø¡ ÙˆØªØ­Ù‚ÙŠÙ‚ ÙˆÙ‚Ù„Ø¨ ÙŠÙ†Ø¨Ø¶ ğŸ•µï¸â€â™‚ï¸â¤ï¸,à¤œà¤¾à¤¸à¥‚à¤¸à¥€ à¤®à¥‡à¤‚ à¤­à¥€ à¤¦à¤¿à¤² à¤•à¥€ à¤¬à¤¾à¤¤ ğŸ•µï¸â€â™‚ï¸â¤ï¸
John Watson,Sherlock Holmes,"Detectives con quÃ­mica, no solo lÃ³gica ğŸ•µï¸â€â™‚ï¸â¤ï¸","Ã‰nigmes, logique et passion british ğŸ•µï¸â€â™‚ï¸ğŸ’¡",Logik trifft auf Liebeskrimi ğŸ•µï¸â€â™‚ï¸â¤ï¸,Genio e passione nel mondo del mistero ğŸ•µï¸â€â™‚ï¸â¤ï¸,MistÃ©rio e quÃ­mica britÃ¢nica ğŸ•µï¸â€â™‚ï¸â¤ï¸,Ğ˜Ğ½Ñ‚ĞµĞ»Ğ»ĞµĞºÑ‚ + Ñ…Ğ¸Ğ¼Ğ¸Ñ = Ğ±Ñ€Ğ¸Ñ‚Ğ°Ğ½ÑĞºĞ°Ñ ÑÑ‚Ñ€Ğ°ÑÑ‚ÑŒ ğŸ•µï¸â€â™‚ï¸â¤ï¸,ä¾¦æ¢æ­æ¡£ï¼Œå¿ƒä¹Ÿè¿ç€ ğŸ•µï¸â€â™‚ï¸â¤ï¸,åæ¢åµåŒå£«ã®å¿ƒã®çµ† ğŸ•µï¸â€â™‚ï¸â¤ï¸,Ø°ÙƒØ§Ø¡ ÙˆØªØ­Ù‚ÙŠÙ‚ ÙˆÙ‚Ù„Ø¨ ÙŠÙ†Ø¨Ø¶ ğŸ•µï¸â€â™‚ï¸â¤ï¸,à¤œà¤¾à¤¸à¥‚à¤¸à¥€ à¤®à¥‡à¤‚ à¤­à¥€ à¤¦à¤¿à¤² à¤•à¥€ à¤¬à¤¾à¤¤ ğŸ•µï¸â€â™‚ï¸â¤ï¸
Harry,Voldemort,El odio mÃ¡s mÃ¡gico de todos los tiempos ğŸª„ğŸ˜ˆâ¤ï¸,Haine magique et tension lÃ©gendaire ğŸ§™â€â™‚ï¸ğŸ’¥,Zauberhafte Feindschaft deluxe ğŸ§™â€â™‚ï¸âš¡,Magia nera e tensione eterna ğŸ§™â€â™‚ï¸âš¡,"Inimigos mÃ¡gicos, tensÃ£o real ğŸ§™â€â™‚ï¸âš¡",Ğ’Ğ¾Ğ»ÑˆĞµĞ±Ğ½Ğ°Ñ Ğ½ĞµĞ½Ğ°Ğ²Ğ¸ÑÑ‚ÑŒ Ğ²Ñ‹ÑÑˆĞµĞ³Ğ¾ ÑƒÑ€Ğ¾Ğ²Ğ½Ñ ğŸ§™â€â™‚ï¸âš¡,é­”æ³•ç•Œæœ€æ¯’CP ğŸ§™â€â™‚ï¸âš¡,é­”æ³•ç•Œã®ç¦æ–­ã®æ„› ğŸ§™â€â™‚ï¸âš¡,ÙƒØ±Ø§Ù‡ÙŠØ© Ø³Ø­Ø±ÙŠØ©... ÙˆÙÙŠÙ‡Ø§ Ù…Ø´Ø§Ø¹Ø±ØŸ ğŸ§™â€â™‚ï¸âš¡,à¤œà¤¾à¤¦à¥à¤ˆ à¤¨à¤«à¤°à¤¤... à¤œà¤¿à¤¸à¤®à¥‡à¤‚ à¤ªà¥à¤¯à¤¾à¤° à¤­à¥€ à¤¹à¥ˆ? ğŸ§™â€â™‚ï¸âš¡